File name:,REE_soil_gases_1999_2002.csv,,,,,
File date:,2-Jul-12,,,,,
Associated LME file:,,,,,,
,,,,,,
Column,Heading,Units/format,Description,,,
1,Date,YYYMMDD,Sampling date (YYYYMMDD),,,
2,Pit number,,Pit identiifcation,,,
3,Treatment,,Plot treatment either rainfall exclusion or control,,,
4,Depth ,cm,Sampling depth from soil surface,,,
5,VWC,cm3/cm3 ,Soil volumetric water content reported in cubic centimeters of water per cubic centimeter of soil,,,
6,conc_CO2,% ,Concentration of carbon dioxide reported in percent,,,
7,conc_N2O ,ppm ,Concentration of nitrous oxide reported in parts per million,,,
,,,,,,
,missing data represented by -9999,,,,,
,,,,,,
Date,Pit number,Treatment,Depth ,VWC,conc_CO2,conc_N2O 
19991209,1,exclusion,10,-9999,0.74,0.7
19991209,1,exclusion,25,-9999,1.49,1.29
19991209,1,exclusion,30,0.337,-9999,-9999
19991209,1,exclusion,50,0.217,1.96,1.85
19991209,1,exclusion,100,0.212,1.96,0.54
19991209,1,exclusion,200,0.247,2.65,0.7
19991209,1,exclusion,300,0.201,2.81,0.68
19991209,1,exclusion,400,0.245,-9999,-9999
19991209,1,exclusion,500,0.273,-9999,-9999
19991209,1,exclusion,600,0.329,-9999,-9999
19991209,1,exclusion,700,0.348,4.28,0.58
19991209,1,exclusion,800,0.256,-9999,-9999
19991209,1,exclusion,900,0.239,-9999,-9999
19991209,1,exclusion,1000,0.313,-9999,-9999
19991209,1,exclusion,1100,0.391,10.23,0.84
19991209,2,exclusion,10,-9999,1.46,1.35
19991209,2,exclusion,25,-9999,0.82,1.41
19991209,2,exclusion,30,0.364,-9999,-9999
19991209,2,exclusion,50,0.268,0.35,2.75
19991209,2,exclusion,100,0.285,3.03,1.74
19991209,2,exclusion,200,0.272,2,0.99
19991209,2,exclusion,300,0.229,2.28,0.92
19991209,2,exclusion,400,0.242,-9999,-9999
19991209,2,exclusion,500,0.359,-9999,-9999
19991209,2,exclusion,600,0.354,-9999,-9999
19991209,2,exclusion,700,0.387,4.57,0.77
19991209,2,exclusion,800,0.36,-9999,-9999
19991209,2,exclusion,900,0.386,-9999,-9999
19991209,2,exclusion,1000,0.362,-9999,-9999
19991209,2,exclusion,1100,0.368,10.36,1.01
19991209,3,exclusion,10,-9999,0.39,0.64
19991209,3,exclusion,25,-9999,0.65,0.71
19991209,3,exclusion,30,0.302,-9999,-9999
19991209,3,exclusion,50,0.236,0.99,0.86
19991209,3,exclusion,100,0.325,1.48,1.03
19991209,3,exclusion,200,0.309,1.72,0.87
19991209,3,exclusion,300,0.291,1.77,0.83
19991209,3,exclusion,400,0.35,-9999,-9999
19991209,3,exclusion,500,0.334,-9999,-9999
19991209,3,exclusion,600,0.384,-9999,-9999
19991209,3,exclusion,700,0.39,3.47,0.79
19991209,3,exclusion,800,0.4,-9999,-9999
19991209,3,exclusion,900,0.391,-9999,-9999
19991209,3,exclusion,1000,0.392,-9999,-9999
19991209,3,exclusion,1100,0.346,9.02,1.2
19991209,4,control,10,-9999,0.71,0.69
19991209,4,control,25,-9999,1.11,1.02
19991209,4,control,30,0.315,-9999,-9999
19991209,4,control,50,0.222,1.77,0.87
19991209,4,control,100,0.312,1.5,0.75
19991209,4,control,200,0.285,1.81,0.76
19991209,4,control,300,0.294,1.89,0.66
19991209,4,control,400,0.311,-9999,-9999
19991209,4,control,500,0.362,-9999,-9999
19991209,4,control,600,0.382,-9999,-9999
19991209,4,control,700,0.4,3.89,0.66
19991209,4,control,800,0.381,-9999,-9999
19991209,4,control,900,0.398,-9999,-9999
19991209,4,control,1000,0.372,-9999,-9999
19991209,4,control,1100,0.378,9.62,0.92
19991209,5,control,10,-9999,0.53,0.64
19991209,5,control,25,-9999,1.85,1.34
19991209,5,control,30,0.326,-9999,-9999
19991209,5,control,50,0.31,2.15,1.05
19991209,5,control,100,0.221,2.25,0.89
19991209,5,control,200,0.298,2.71,0.57
19991209,5,control,300,0.327,3.8,0.63
19991209,5,control,400,0.358,-9999,-9999
19991209,5,control,500,0.373,-9999,-9999
19991209,5,control,600,0.394,-9999,-9999
19991209,5,control,700,0.367,4.86,0.84
19991209,5,control,800,0.394,-9999,-9999
19991209,5,control,900,0.401,-9999,-9999
19991209,5,control,1000,0.394,-9999,-9999
19991209,5,control,1100,0.328,11.25,1.02
19991209,6,control,10,-9999,0.58,0.59
19991209,6,control,25,-9999,0.88,0.66
19991209,6,control,30,0.346,-9999,-9999
19991209,6,control,50,0.334,1.22,0.7
19991209,6,control,100,0.299,1.52,0.59
19991209,6,control,200,0.279,1.6,0.63
19991209,6,control,300,0.248,2.42,0.61
19991209,6,control,400,0.337,-9999,-9999
19991209,6,control,500,0.387,-9999,-9999
19991209,6,control,600,0.392,-9999,-9999
19991209,6,control,700,0.402,2.65,0.58
19991209,6,control,800,0.392,-9999,-9999
19991209,6,control,900,0.351,-9999,-9999
19991209,6,control,1000,0.36,-9999,-9999
19991209,6,control,1100,0.353,5.24,1.03
20000402,1,exclusion,10,-9999,-9999,1.91
20000402,1,exclusion,25,-9999,-9999,1.55
20000402,1,exclusion,30,-9999,-9999,-9999
20000402,1,exclusion,50,-9999,-9999,1.82
20000402,1,exclusion,100,-9999,-9999,0.91
20000402,1,exclusion,200,-9999,-9999,1.21
20000402,1,exclusion,300,-9999,-9999,1.04
20000402,1,exclusion,400,-9999,-9999,-9999
20000402,1,exclusion,500,-9999,-9999,-9999
20000402,1,exclusion,600,-9999,-9999,-9999
20000402,1,exclusion,700,-9999,-9999,0.7
20000402,1,exclusion,800,-9999,-9999,-9999
20000402,1,exclusion,900,-9999,-9999,-9999
20000402,1,exclusion,1000,-9999,-9999,-9999
20000402,1,exclusion,1100,-9999,-9999,0.53
20000402,2,exclusion,10,-9999,0.44,0.76
20000402,2,exclusion,25,-9999,0.78,0.74
20000402,2,exclusion,30,0.283,-9999,-9999
20000402,2,exclusion,50,0.283,1.85,0.96
20000402,2,exclusion,100,0.293,2.67,1.56
20000402,2,exclusion,200,0.293,3.07,1.44
20000402,2,exclusion,300,0.282,3.42,1.46
20000402,2,exclusion,400,0.28,-9999,-9999
20000402,2,exclusion,500,0.396,-9999,-9999
20000402,2,exclusion,600,0.377,-9999,-9999
20000402,2,exclusion,700,0.407,5.12,0.8
20000402,2,exclusion,800,0.374,-9999,-9999
20000402,2,exclusion,900,0.409,-9999,-9999
20000402,2,exclusion,1000,0.414,-9999,-9999
20000402,2,exclusion,1100,0.367,11.88,0.81
20000402,3,exclusion,10,-9999,2.73,1.42
20000402,3,exclusion,25,-9999,4.08,1.55
20000402,3,exclusion,30,0.324,4.96,-9999
20000402,3,exclusion,50,0.336,-9999,1.68
20000402,3,exclusion,100,0.331,5.24,2.11
20000402,3,exclusion,200,0.357,5.51,1.69
20000402,3,exclusion,300,0.339,5.62,1.53
20000402,3,exclusion,400,0.379,-9999,-9999
20000402,3,exclusion,500,0.367,-9999,-9999
20000402,3,exclusion,600,0.422,-9999,-9999
20000402,3,exclusion,700,0.374,6.81,0.8
20000402,3,exclusion,800,0.419,-9999,-9999
20000402,3,exclusion,900,0.407,-9999,-9999
20000402,3,exclusion,1000,0.363,-9999,-9999
20000402,3,exclusion,1100,0.341,8.46,1.05
20000402,4,control,10,-9999,4.38,3.34
20000402,4,control,25,-9999,5.03,4.13
20000402,4,control,30,0.312,-9999,-9999
20000402,4,control,50,0.277,5.46,3.85
20000402,4,control,100,0.371,2.98,2.01
20000402,4,control,200,0.32,8.06,2.44
20000402,4,control,300,0.359,2.81,1.96
20000402,4,control,400,0.371,-9999,-9999
20000402,4,control,500,0.406,-9999,-9999
20000402,4,control,600,0.419,-9999,-9999
20000402,4,control,700,0.423,3.74,0.76
20000402,4,control,800,0.403,-9999,-9999
20000402,4,control,900,0.424,-9999,-9999
20000402,4,control,1000,0.399,-9999,-9999
20000402,4,control,1100,0.392,9.37,0.82
20000402,5,control,10,-9999,1.58,0.55
20000402,5,control,25,-9999,3.67,1.02
20000402,5,control,30,0.379,-9999,-9999
20000402,5,control,50,0.37,-9999,-9999
20000402,5,control,100,0.324,-9999,-9999
20000402,5,control,200,0.329,3.89,1.07
20000402,5,control,300,0.373,4.25,1.45
20000402,5,control,400,0.4,-9999,-9999
20000402,5,control,500,0.405,-9999,-9999
20000402,5,control,600,0.429,-9999,-9999
20000402,5,control,700,0.393,4.93,0.59
20000402,5,control,800,0.423,-9999,-9999
20000402,5,control,900,0.435,-9999,-9999
20000402,5,control,1000,0.422,-9999,-9999
20000402,5,control,1100,0.356,8.92,0.76
20000402,6,control,10,-9999,1.88,0.82
20000402,6,control,25,-9999,2.08,1.03
20000402,6,control,30,0.344,-9999,-9999
20000402,6,control,50,0.284,2.69,1.09
20000402,6,control,100,0.362,2.6,2.44
20000402,6,control,200,0.358,1.11,0.66
20000402,6,control,300,0.324,1.32,1.26
20000402,6,control,400,0.39,-9999,-9999
20000402,6,control,500,0.432,-9999,-9999
20000402,6,control,600,0.424,-9999,-9999
20000402,6,control,700,0.429,1.07,0.89
20000402,6,control,800,0.422,-9999,-9999
20000402,6,control,900,0.38,-9999,-9999
20000402,6,control,1000,0.403,-9999,-9999
20000402,6,control,1100,0.39,4.47,0.47
20000708,1,exclusion,10,-9999,0.8,0.66
20000708,1,exclusion,25,-9999,0.9,0.84
20000708,1,exclusion,30,0.201,-9999,-9999
20000708,1,exclusion,50,0.201,0.6,0.75
20000708,1,exclusion,100,0.252,1.14,0.74
20000708,1,exclusion,200,0.253,1.85,1.18
20000708,1,exclusion,300,0.245,1.97,0.94
20000708,1,exclusion,400,0.225,-9999,-9999
20000708,1,exclusion,500,0.354,-9999,-9999
20000708,1,exclusion,600,0.398,-9999,-9999
20000708,1,exclusion,700,0.385,2.46,0.81
20000708,1,exclusion,800,0.365,-9999,-9999
20000708,1,exclusion,900,0.413,-9999,-9999
20000708,1,exclusion,1000,0.408,-9999,-9999
20000708,1,exclusion,1100,0.407,4.17,0.68
20000708,2,exclusion,10,-9999,0.52,0.42
20000708,2,exclusion,25,-9999,0.55,0.47
20000708,2,exclusion,30,0.25,-9999,-9999
20000708,2,exclusion,50,0.25,1.12,0.63
20000708,2,exclusion,100,0.316,2.39,0.84
20000708,2,exclusion,200,0.282,3.19,1.03
20000708,2,exclusion,300,0.33,3.12,1.05
20000708,2,exclusion,400,0.378,-9999,-9999
20000708,2,exclusion,500,0.364,-9999,-9999
20000708,2,exclusion,600,0.426,-9999,-9999
20000708,2,exclusion,700,0.411,5.39,1.04
20000708,2,exclusion,800,0.416,-9999,-9999
20000708,2,exclusion,900,0.41,-9999,-9999
20000708,2,exclusion,1000,0.403,-9999,-9999
20000708,2,exclusion,1100,0.411,9.73,0.79
20000708,3,exclusion,10,-9999,0.8,0.59
20000708,3,exclusion,25,-9999,0.66,0.49
20000708,3,exclusion,30,0.238,-9999,-9999
20000708,3,exclusion,50,0.238,1.2,0.64
20000708,3,exclusion,100,0.34,0.76,0.95
20000708,3,exclusion,200,0.35,3.69,0.88
20000708,3,exclusion,300,0.355,2.8,1.05
20000708,3,exclusion,400,0.372,-9999,-9999
20000708,3,exclusion,500,0.383,-9999,-9999
20000708,3,exclusion,600,0.423,-9999,-9999
20000708,3,exclusion,700,0.438,2.41,0.97
20000708,3,exclusion,800,0.431,-9999,-9999
20000708,3,exclusion,900,0.432,-9999,-9999
20000708,3,exclusion,1000,0.386,-9999,-9999
20000708,3,exclusion,1100,0.388,1.85,0.84
20000708,4,control,10,-9999,4.98,2.55
20000708,4,control,25,-9999,4.97,2.54
20000708,4,control,30,0.338,-9999,-9999
20000708,4,control,50,0.338,4.6,2.14
20000708,4,control,100,0.338,2.36,2.81
20000708,4,control,200,0.312,4.25,3.67
20000708,4,control,300,0.36,3.76,2.19
20000708,4,control,400,0.382,-9999,-9999
20000708,4,control,500,0.4,-9999,-9999
20000708,4,control,600,0.419,-9999,-9999
20000708,4,control,700,0.433,4.38,1.13
20000708,4,control,800,0.446,-9999,-9999
20000708,4,control,900,0.431,-9999,-9999
20000708,4,control,1000,0.432,-9999,-9999
20000708,4,control,1100,0.432,9.41,0.81
20000708,5,control,10,-9999,0.29,0.69
20000708,5,control,25,-9999,0.64,1.38
20000708,5,control,30,0.39,-9999,-9999
20000708,5,control,50,0.39,0.6,1.31
20000708,5,control,100,0.329,0.72,1.27
20000708,5,control,200,0.323,0.84,1.03
20000708,5,control,300,0.339,0.87,1.6
20000708,5,control,400,0.314,-9999,-9999
20000708,5,control,500,0.419,-9999,-9999
20000708,5,control,600,0.41,-9999,-9999
20000708,5,control,700,0.423,0.96,0.94
20000708,5,control,800,0.426,-9999,-9999
20000708,5,control,900,0.441,-9999,-9999
20000708,5,control,1000,0.431,-9999,-9999
20000708,5,control,1100,0.419,2.21,0.91
20000708,6,control,10,-9999,0.45,1.29
20000708,6,control,25,-9999,0.35,1.08
20000708,6,control,30,0.283,-9999,-9999
20000708,6,control,50,0.283,0.55,1.48
20000708,6,control,100,0.355,0.58,0.89
20000708,6,control,200,0.346,0.81,2.01
20000708,6,control,300,0.319,0.52,1.01
20000708,6,control,400,0.38,-9999,-9999
20000708,6,control,500,0.423,-9999,-9999
20000708,6,control,600,0.419,-9999,-9999
20000708,6,control,700,0.425,0.73,1.08
20000708,6,control,800,0.416,-9999,-9999
20000708,6,control,900,0.375,-9999,-9999
20000708,6,control,1000,0.4,-9999,-9999
20000708,6,control,1100,0.362,2.14,1.14
20000904,1,exclusion,10,-9999,0.48,0.37
20000904,1,exclusion,25,-9999,1.18,0.4
20000904,1,exclusion,30,0.358,-9999,-9999
20000904,1,exclusion,50,0.233,1.44,0.44
20000904,1,exclusion,100,0.246,1.64,0.63
20000904,1,exclusion,200,0.247,2.46,0.63
20000904,1,exclusion,300,0.234,2.78,0.69
20000904,1,exclusion,400,0.261,-9999,-9999
20000904,1,exclusion,500,0.354,-9999,-9999
20000904,1,exclusion,600,0.416,-9999,-9999
20000904,1,exclusion,700,0.394,5.12,0.93
20000904,1,exclusion,800,0.37,-9999,-9999
20000904,1,exclusion,900,0.415,-9999,-9999
20000904,1,exclusion,1000,0.408,-9999,-9999
20000904,1,exclusion,1100,0.406,7.54,0.95
20000904,2,exclusion,10,-9999,0.16,0.33
20000904,2,exclusion,25,-9999,0.31,0.37
20000904,2,exclusion,30,0.361,-9999,-9999
20000904,2,exclusion,50,0.315,0.81,0.45
20000904,2,exclusion,100,0.312,1.39,0.56
20000904,2,exclusion,200,0.295,2.13,0.74
20000904,2,exclusion,300,0.328,2.32,0.82
20000904,2,exclusion,400,0.371,-9999,-9999
20000904,2,exclusion,500,0.367,-9999,-9999
20000904,2,exclusion,600,0.427,-9999,-9999
20000904,2,exclusion,700,0.419,3.67,0.93
20000904,2,exclusion,800,0.422,-9999,-9999
20000904,2,exclusion,900,0.419,-9999,-9999
20000904,2,exclusion,1000,0.409,-9999,-9999
20000904,2,exclusion,1100,0.421,7.01,0.88
20000904,3,exclusion,10,-9999,0.49,0.37
20000904,3,exclusion,25,-9999,0.4,0.36
20000904,3,exclusion,30,0.346,-9999,-9999
20000904,3,exclusion,50,0.208,0.92,0.46
20000904,3,exclusion,100,0.307,1.74,0.59
20000904,3,exclusion,200,0.31,1.94,0.67
20000904,3,exclusion,300,0.322,2.78,0.74
20000904,3,exclusion,400,0.374,-9999,-9999
20000904,3,exclusion,500,0.403,-9999,-9999
20000904,3,exclusion,600,0.428,-9999,-9999
20000904,3,exclusion,700,0.441,4.47,0.91
20000904,3,exclusion,800,0.427,-9999,-9999
20000904,3,exclusion,900,0.433,-9999,-9999
20000904,3,exclusion,1000,0.395,-9999,-9999
20000904,3,exclusion,1100,0.394,7.72,0.91
20000904,4,control,10,-9999,0.75,0.4
20000904,4,control,25,-9999,0.71,0.4
20000904,4,control,30,0.373,-9999,-9999
20000904,4,control,50,0.296,1.39,0.54
20000904,4,control,100,0.26,1.83,0.7
20000904,4,control,200,0.295,3.09,1.53
20000904,4,control,300,0.345,3.35,1.49
20000904,4,control,400,0.356,-9999,-9999
20000904,4,control,500,0.396,-9999,-9999
20000904,4,control,600,0.426,-9999,-9999
20000904,4,control,700,0.441,3.69,1.41
20000904,4,control,800,0.449,-9999,-9999
20000904,4,control,900,0.43,-9999,-9999
20000904,4,control,1000,0.432,-9999,-9999
20000904,4,control,1100,0.437,7.37,1.32
20000904,5,control,10,-9999,0.73,0.36
20000904,5,control,25,-9999,0.81,0.36
20000904,5,control,30,0.436,-9999,-9999
20000904,5,control,50,0.362,0.77,0.6
20000904,5,control,100,0.282,1.62,0.31
20000904,5,control,200,0.299,2.93,0.8
20000904,5,control,300,0.316,3.15,0.98
20000904,5,control,400,0.362,-9999,-9999
20000904,5,control,500,0.402,-9999,-9999
20000904,5,control,600,0.406,-9999,-9999
20000904,5,control,700,0.431,3.53,0.99
20000904,5,control,800,0.429,-9999,-9999
20000904,5,control,900,0.444,-9999,-9999
20000904,5,control,1000,0.436,-9999,-9999
20000904,5,control,1100,0.423,6.51,0.79
20000904,6,control,10,-9999,0.81,0.45
20000904,6,control,25,-9999,0.81,0.46
20000904,6,control,30,0.405,-9999,-9999
20000904,6,control,50,0.284,0.92,0.49
20000904,6,control,100,0.308,1.6,0.51
20000904,6,control,200,0.322,3.2,1.48
20000904,6,control,300,0.294,2,0.79
20000904,6,control,400,0.368,-9999,-9999
20000904,6,control,500,0.422,-9999,-9999
20000904,6,control,600,0.417,-9999,-9999
20000904,6,control,700,0.426,3.12,1.07
20000904,6,control,800,0.417,-9999,-9999
20000904,6,control,900,0.376,-9999,-9999
20000904,6,control,1000,0.403,-9999,-9999
20000904,6,control,1100,0.404,8.04,1.07
20001126,1,exclusion,10,-9999,1.23,0.44
20001126,1,exclusion,25,-9999,0.83,0.38
20001126,1,exclusion,30,0.323,-9999,-9999
20001126,1,exclusion,50,0.262,0.61,0.42
20001126,1,exclusion,100,0.318,2.53,0.69
20001126,1,exclusion,200,0.243,3.52,0.71
20001126,1,exclusion,300,0.228,3.07,0.62
20001126,1,exclusion,400,0.223,-9999,-9999
20001126,1,exclusion,500,0.341,-9999,-9999
20001126,1,exclusion,600,0.406,-9999,-9999
20001126,1,exclusion,700,0.366,7.09,0.78
20001126,1,exclusion,800,0.412,-9999,-9999
20001126,1,exclusion,900,0.323,-9999,-9999
20001126,1,exclusion,1000,0.406,-9999,-9999
20001126,1,exclusion,1100,0.404,9.24,0.99
20001126,2,exclusion,10,-9999,0.17,0.51
20001126,2,exclusion,25,-9999,0.36,0.49
20001126,2,exclusion,30,0.309,-9999,-9999
20001126,2,exclusion,50,0.291,1.15,0.65
20001126,2,exclusion,100,0.352,2.28,1.09
20001126,2,exclusion,200,0.297,1.41,0.98
20001126,2,exclusion,300,0.323,1.78,0.81
20001126,2,exclusion,400,0.366,-9999,-9999
20001126,2,exclusion,500,0.358,-9999,-9999
20001126,2,exclusion,600,0.419,-9999,-9999
20001126,2,exclusion,700,0.414,2.97,0.74
20001126,2,exclusion,800,0.418,-9999,-9999
20001126,2,exclusion,900,0.413,-9999,-9999
20001126,2,exclusion,1000,0.406,-9999,-9999
20001126,2,exclusion,1100,0.414,4.61,0.75
20001126,3,exclusion,10,-9999,0.32,0.43
20001126,3,exclusion,25,-9999,0.5,0.57
20001126,3,exclusion,30,0.298,-9999,-9999
20001126,3,exclusion,50,0.227,1.2,0.59
20001126,3,exclusion,100,0.334,1.89,0.82
20001126,3,exclusion,200,0.271,2.25,0.83
20001126,3,exclusion,300,0.334,7.16,2.9
20001126,3,exclusion,400,0.362,-9999,-9999
20001126,3,exclusion,500,0.397,-9999,-9999
20001126,3,exclusion,600,0.423,-9999,-9999
20001126,3,exclusion,700,0.436,4.91,0.85
20001126,3,exclusion,800,0.427,-9999,-9999
20001126,3,exclusion,900,0.429,-9999,-9999
20001126,3,exclusion,1000,0.387,-9999,-9999
20001126,3,exclusion,1100,0.394,6.78,0.9
20001126,4,control,10,-9999,0.86,0.52
20001126,4,control,25,-9999,0.49,0.5
20001126,4,control,30,0.33,-9999,-9999
20001126,4,control,50,0.316,1.55,0.65
20001126,4,control,100,0.292,1.35,0.77
20001126,4,control,200,0.278,1.17,0.81
20001126,4,control,300,0.336,2.49,0.84
20001126,4,control,400,0.369,-9999,-9999
20001126,4,control,500,0.359,-9999,-9999
20001126,4,control,600,0.42,-9999,-9999
20001126,4,control,700,0.435,4.37,1.2
20001126,4,control,800,0.449,-9999,-9999
20001126,4,control,900,0.43,-9999,-9999
20001126,4,control,1000,0.432,-9999,-9999
20001126,4,control,1100,0.433,6.4,0.79
20001126,5,control,10,-9999,0.17,0.42
20001126,5,control,25,-9999,0.61,0.44
20001126,5,control,30,0.357,-9999,-9999
20001126,5,control,50,0.371,1.17,0.58
20001126,5,control,100,0.311,1.49,0.78
20001126,5,control,200,0.242,1.96,0.61
20001126,5,control,300,0.288,2.29,0.7
20001126,5,control,400,0.352,-9999,-9999
20001126,5,control,500,0.39,-9999,-9999
20001126,5,control,600,0.396,-9999,-9999
20001126,5,control,700,0.424,2.67,0.81
20001126,5,control,800,0.428,-9999,-9999
20001126,5,control,900,0.441,-9999,-9999
20001126,5,control,1000,0.435,-9999,-9999
20001126,5,control,1100,0.421,6.39,1.04
20001126,6,control,10,-9999,0.57,0.49
20001126,6,control,25,-9999,0.97,0.62
20001126,6,control,30,0.357,-9999,-9999
20001126,6,control,50,0.265,2.58,0.77
20001126,6,control,100,0.344,5.1,0.75
20001126,6,control,200,0.312,2.51,0.87
20001126,6,control,300,0.293,0.58,0.54
20001126,6,control,400,0.365,-9999,-9999
20001126,6,control,500,0.413,-9999,-9999
20001126,6,control,600,0.415,-9999,-9999
20001126,6,control,700,0.422,0.34,0.47
20001126,6,control,800,0.414,-9999,-9999
20001126,6,control,900,0.375,-9999,-9999
20001126,6,control,1000,0.397,-9999,-9999
20001126,6,control,1100,0.399,0.68,0.47
20010210,1,exclusion,10,-9999,0.59,0.58
20010210,1,exclusion,25,-9999,0.92,0.58
20010210,1,exclusion,30,0.339,-9999,-9999
20010210,1,exclusion,50,0.257,0.6,0.57
20010210,1,exclusion,100,0.297,1.08,0.65
20010210,1,exclusion,200,0.25,1.46,0.7
20010210,1,exclusion,300,0.228,1.58,0.74
20010210,1,exclusion,400,0.217,-9999,-9999
20010210,1,exclusion,500,0.342,-9999,-9999
20010210,1,exclusion,600,0.369,-9999,-9999
20010210,1,exclusion,700,0.386,2.64,0.66
20010210,1,exclusion,800,0.369,-9999,-9999
20010210,1,exclusion,900,0.409,-9999,-9999
20010210,1,exclusion,1000,0.404,-9999,-9999
20010210,1,exclusion,1100,0.406,2.79,0.99
20010210,2,exclusion,10,-9999,0.96,0.68
20010210,2,exclusion,25,-9999,0.46,0.52
20010210,2,exclusion,30,0.315,-9999,-9999
20010210,2,exclusion,50,0.274,0.24,0.44
20010210,2,exclusion,100,0.338,1.52,1.07
20010210,2,exclusion,200,0.324,1.49,0.93
20010210,2,exclusion,300,0.327,1.48,0.83
20010210,2,exclusion,400,0.365,-9999,-9999
20010210,2,exclusion,500,0.357,-9999,-9999
20010210,2,exclusion,600,0.422,-9999,-9999
20010210,2,exclusion,700,0.411,2.42,0.64
20010210,2,exclusion,800,0.413,-9999,-9999
20010210,2,exclusion,900,0.412,-9999,-9999
20010210,2,exclusion,1000,0.405,-9999,-9999
20010210,2,exclusion,1100,0.416,5.08,0.79
20010210,3,exclusion,10,-9999,0.97,0.81
20010210,3,exclusion,25,-9999,0.56,0.57
20010210,3,exclusion,30,0.38,-9999,-9999
20010210,3,exclusion,50,0.214,0.39,0.52
20010210,3,exclusion,100,0.345,1.56,0.92
20010210,3,exclusion,200,0.302,1.86,0.79
20010210,3,exclusion,300,0.322,1.97,0.82
20010210,3,exclusion,400,0.35,-9999,-9999
20010210,3,exclusion,500,0.389,-9999,-9999
20010210,3,exclusion,600,0.415,-9999,-9999
20010210,3,exclusion,700,0.438,2.74,0.68
20010210,3,exclusion,800,0.423,-9999,-9999
20010210,3,exclusion,900,0.425,-9999,-9999
20010210,3,exclusion,1000,0.387,-9999,-9999
20010210,3,exclusion,1100,0.39,6.6,1.01
20010210,4,control,10,-9999,2.03,0.32
20010210,4,control,25,-9999,1.92,1.37
20010210,4,control,30,0.386,-9999,-9999
20010210,4,control,50,0.325,1.23,1.22
20010210,4,control,100,0.299,1.78,2.72
20010210,4,control,200,0.318,2.16,1.75
20010210,4,control,300,0.371,2.15,1.22
20010210,4,control,400,0.388,-9999,-9999
20010210,4,control,500,0.397,-9999,-9999
20010210,4,control,600,0.421,-9999,-9999
20010210,4,control,700,0.435,3.46,0.93
20010210,4,control,800,0.449,-9999,-9999
20010210,4,control,900,0.431,-9999,-9999
20010210,4,control,1000,0.433,-9999,-9999
20010210,4,control,1100,0.431,5.95,0.93
20010210,5,control,10,-9999,1.39,0.93
20010210,5,control,25,-9999,1.24,0.88
20010210,5,control,30,0.43,-9999,-9999
20010210,5,control,50,0.375,0.37,0.54
20010210,5,control,100,0.315,1.61,2.24
20010210,5,control,200,0.278,1.46,1.02
20010210,5,control,300,0.326,1.86,1.01
20010210,5,control,400,0.376,-9999,-9999
20010210,5,control,500,0.383,-9999,-9999
20010210,5,control,600,0.364,-9999,-9999
20010210,5,control,700,0.424,2.85,0.83
20010210,5,control,800,0.426,-9999,-9999
20010210,5,control,900,0.433,-9999,-9999
20010210,5,control,1000,0.424,-9999,-9999
20010210,5,control,1100,0.414,4.95,0.94
20010210,6,control,10,-9999,1.06,0.68
20010210,6,control,25,-9999,0.91,0.66
20010210,6,control,30,0.401,-9999,-9999
20010210,6,control,50,0.27,1.3,0.75
20010210,6,control,100,0.352,1.51,1
20010210,6,control,200,0.365,2.23,1.13
20010210,6,control,300,0.343,0.65,0.49
20010210,6,control,400,0.389,-9999,-9999
20010210,6,control,500,0.418,-9999,-9999
20010210,6,control,600,0.409,-9999,-9999
20010210,6,control,700,0.42,2.62,0.8
20010210,6,control,800,0.407,-9999,-9999
20010210,6,control,900,0.37,-9999,-9999
20010210,6,control,1000,0.395,-9999,-9999
20010210,6,control,1100,0.358,6.12,1.02
20010409,1,exclusion,10,-9999,0.77,0.84
20010409,1,exclusion,25,-9999,1.09,1.01
20010409,1,exclusion,30,0.352,-9999,-9999
20010409,1,exclusion,50,0.237,1.27,1.06
20010409,1,exclusion,100,0.274,1.1,0.71
20010409,1,exclusion,200,0.228,0.68,0.44
20010409,1,exclusion,300,0.214,0.83,0.6
20010409,1,exclusion,400,0.254,-9999,-9999
20010409,1,exclusion,500,0.334,-9999,-9999
20010409,1,exclusion,600,0.369,-9999,-9999
20010409,1,exclusion,700,0.376,1.92,0.49
20010409,1,exclusion,800,0.365,-9999,-9999
20010409,1,exclusion,900,0.406,-9999,-9999
20010409,1,exclusion,1000,0.396,-9999,-9999
20010409,1,exclusion,1100,0.397,4.46,0.87
20010409,2,exclusion,10,-9999,-9999,0.42
20010409,2,exclusion,25,-9999,0.31,0.63
20010409,2,exclusion,30,0.342,-9999,-9999
20010409,2,exclusion,50,0.251,1.04,0.87
20010409,2,exclusion,100,0.312,0.46,0.68
20010409,2,exclusion,200,0.296,1.73,1.08
20010409,2,exclusion,300,0.317,1.59,0.81
20010409,2,exclusion,400,0.356,-9999,-9999
20010409,2,exclusion,500,0.345,-9999,-9999
20010409,2,exclusion,600,0.417,-9999,-9999
20010409,2,exclusion,700,0.401,2.97,0.75
20010409,2,exclusion,800,0.41,-9999,-9999
20010409,2,exclusion,900,0.401,-9999,-9999
20010409,2,exclusion,1000,0.4,-9999,-9999
20010409,2,exclusion,1100,0.407,7.59,0.96
20010409,3,exclusion,10,-9999,0.47,0.64
20010409,3,exclusion,25,-9999,0.64,0.66
20010409,3,exclusion,30,0.4,-9999,-9999
20010409,3,exclusion,50,0.238,0.99,0.72
20010409,3,exclusion,100,0.309,1.27,0.72
20010409,3,exclusion,200,0.286,-9999,0.64
20010409,3,exclusion,300,0.321,2.11,0.71
20010409,3,exclusion,400,0.342,-9999,-9999
20010409,3,exclusion,500,0.38,-9999,-9999
20010409,3,exclusion,600,0.405,-9999,-9999
20010409,3,exclusion,700,0.431,3.82,0.78
20010409,3,exclusion,800,0.414,-9999,-9999
20010409,3,exclusion,900,0.417,-9999,-9999
20010409,3,exclusion,1000,0.376,-9999,-9999
20010409,3,exclusion,1100,0.367,6.84,0.93
20010409,4,control,10,-9999,2.78,4.06
20010409,4,control,25,-9999,2.53,3.56
20010409,4,control,30,0.407,-9999,-9999
20010409,4,control,50,0.306,2.84,3.75
20010409,4,control,100,0.31,2.62,6.96
20010409,4,control,200,0.316,2.45,3.17
20010409,4,control,300,0.364,2.21,2.26
20010409,4,control,400,0.348,-9999,-9999
20010409,4,control,500,0.404,-9999,-9999
20010409,4,control,600,0.425,-9999,-9999
20010409,4,control,700,0.436,3.4,0.93
20010409,4,control,800,0.453,-9999,-9999
20010409,4,control,900,0.432,-9999,-9999
20010409,4,control,1000,0.434,-9999,-9999
20010409,4,control,1100,0.431,5.85,0.92
20010409,5,control,10,-9999,0.87,0.87
20010409,5,control,25,-9999,1.97,1.17
20010409,5,control,30,0.461,-9999,-9999
20010409,5,control,50,0.391,1.87,1.61
20010409,5,control,100,0.34,1.27,2.39
20010409,5,control,200,0.252,0.94,1.01
20010409,5,control,300,0.321,2.15,1.84
20010409,5,control,400,0.34,-9999,-9999
20010409,5,control,500,0.39,-9999,-9999
20010409,5,control,600,0.368,-9999,-9999
20010409,5,control,700,0.429,1.19,0.55
20010409,5,control,800,0.431,-9999,-9999
20010409,5,control,900,0.441,-9999,-9999
20010409,5,control,1000,0.432,-9999,-9999
20010409,5,control,1100,0.426,2.56,0.71
20010409,6,control,10,-9999,0.27,0.43
20010409,6,control,25,-9999,2.03,0.48
20010409,6,control,30,0.439,-9999,-9999
20010409,6,control,50,0.28,2.31,0.46
20010409,6,control,100,0.337,1.38,-9999
20010409,6,control,200,0.363,1.94,1.2
20010409,6,control,300,0.295,1.77,1.05
20010409,6,control,400,0.375,-9999,-9999
20010409,6,control,500,0.424,-9999,-9999
20010409,6,control,600,0.414,-9999,-9999
20010409,6,control,700,0.425,1.05,0.69
20010409,6,control,800,0.416,-9999,-9999
20010409,6,control,900,0.378,-9999,-9999
20010409,6,control,1000,0.398,-9999,-9999
20010409,6,control,1100,0.392,4.02,0.92
20010717,1,exclusion,10,-9999,0.45,0.37
20010717,1,exclusion,25,-9999,0.84,0.41
20010717,1,exclusion,30,0.288,-9999,-9999
20010717,1,exclusion,50,0.236,1.12,0.46
20010717,1,exclusion,100,0.264,1,0.45
20010717,1,exclusion,200,0.227,1.7,0.58
20010717,1,exclusion,300,0.253,1.99,0.66
20010717,1,exclusion,400,0.272,-9999,-9999
20010717,1,exclusion,500,0.331,-9999,-9999
20010717,1,exclusion,600,0.398,-9999,-9999
20010717,1,exclusion,700,0.374,3.4,0.74
20010717,1,exclusion,800,0.36,-9999,-9999
20010717,1,exclusion,900,0.398,-9999,-9999
20010717,1,exclusion,1000,0.393,-9999,-9999
20010717,1,exclusion,1100,0.288,3.33,0.75
20010717,2,exclusion,10,-9999,0.22,0.36
20010717,2,exclusion,25,-9999,0.38,0.41
20010717,2,exclusion,30,0.264,-9999,-9999
20010717,2,exclusion,50,0.271,0.75,0.53
20010717,2,exclusion,100,0.298,1.43,0.7
20010717,2,exclusion,200,0.289,-9999,-9999
20010717,2,exclusion,300,0.318,-9999,-9999
20010717,2,exclusion,400,0.364,-9999,-9999
20010717,2,exclusion,500,0.348,-9999,-9999
20010717,2,exclusion,600,0.414,-9999,-9999
20010717,2,exclusion,700,0.4,3.56,0.73
20010717,2,exclusion,800,0.405,-9999,-9999
20010717,2,exclusion,900,0.403,-9999,-9999
20010717,2,exclusion,1000,0.392,-9999,-9999
20010717,2,exclusion,1100,0.405,4.56,0.6
20010717,3,exclusion,10,-9999,0.54,0.5
20010717,3,exclusion,25,-9999,0.75,0.62
20010717,3,exclusion,30,0.261,-9999,-9999
20010717,3,exclusion,50,0.237,1.13,0.65
20010717,3,exclusion,100,0.295,1.5,0.51
20010717,3,exclusion,200,0.261,1.99,0.58
20010717,3,exclusion,300,0.323,2.28,0.61
20010717,3,exclusion,400,0.335,-9999,-9999
20010717,3,exclusion,500,0.374,-9999,-9999
20010717,3,exclusion,600,0.407,-9999,-9999
20010717,3,exclusion,700,0.429,3.73,0.68
20010717,3,exclusion,800,0.414,-9999,-9999
20010717,3,exclusion,900,0.417,-9999,-9999
20010717,3,exclusion,1000,0.378,-9999,-9999
20010717,3,exclusion,1100,0.385,6.69,0.85
20010717,4,control,10,-9999,1.72,0.74
20010717,4,control,25,-9999,2.09,0.84
20010717,4,control,30,0.413,-9999,-9999
20010717,4,control,50,0.315,2.42,1.01
20010717,4,control,100,0.282,2.39,1.96
20010717,4,control,200,0.307,3.38,2.96
20010717,4,control,300,0.354,3.37,3.17
20010717,4,control,400,0.382,-9999,-9999
20010717,4,control,500,0.405,-9999,-9999
20010717,4,control,600,0.426,-9999,-9999
20010717,4,control,700,0.44,3.97,1.41
20010717,4,control,800,0.453,-9999,-9999
20010717,4,control,900,0.438,-9999,-9999
20010717,4,control,1000,0.438,-9999,-9999
20010717,4,control,1100,0.441,5.44,0.7
20010717,5,control,10,-9999,0.82,0.47
20010717,5,control,25,-9999,1.83,0.79
20010717,5,control,30,0.429,-9999,-9999
20010717,5,control,50,0.374,1.92,0.86
20010717,5,control,100,0.318,2.45,1.01
20010717,5,control,200,0.26,2.67,1.1
20010717,5,control,300,0.305,2.5,0.85
20010717,5,control,400,0.37,-9999,-9999
20010717,5,control,500,0.402,-9999,-9999
20010717,5,control,600,0.403,-9999,-9999
20010717,5,control,700,0.431,2.87,0.89
20010717,5,control,800,0.383,-9999,-9999
20010717,5,control,900,0.443,-9999,-9999
20010717,5,control,1000,0.437,-9999,-9999
20010717,5,control,1100,0.427,4.42,0.58
20010717,6,control,10,-9999,1.47,0.69
20010717,6,control,25,-9999,1.72,0.76
20010717,6,control,30,0.414,-9999,-9999
20010717,6,control,50,0.237,1.95,0.84
20010717,6,control,100,0.328,2.02,0.71
20010717,6,control,200,0.335,3.22,1.1
20010717,6,control,300,0.337,1.83,0.86
20010717,6,control,400,0.378,-9999,-9999
20010717,6,control,500,0.428,-9999,-9999
20010717,6,control,600,0.424,-9999,-9999
20010717,6,control,700,0.428,2.68,1.03
20010717,6,control,800,0.422,-9999,-9999
20010717,6,control,900,0.381,-9999,-9999
20010717,6,control,1000,0.408,-9999,-9999
20010717,6,control,1100,0.405,6.07,0.98
20010925,1,exclusion,10,-9999,0.39,0.41
20010925,1,exclusion,25,-9999,0.72,0.48
20010925,1,exclusion,30,0.253,-9999,-9999
20010925,1,exclusion,50,0.22,1.12,0.52
20010925,1,exclusion,100,0.258,0.76,0.44
20010925,1,exclusion,200,0.217,1.67,0.45
20010925,1,exclusion,300,0.21,1.93,0.55
20010925,1,exclusion,400,0.245,-9999,-9999
20010925,1,exclusion,500,0.322,-9999,-9999
20010925,1,exclusion,600,0.394,-9999,-9999
20010925,1,exclusion,700,0.359,2.7,0.6
20010925,1,exclusion,800,0.353,-9999,-9999
20010925,1,exclusion,900,0.386,-9999,-9999
20010925,1,exclusion,1000,0.377,-9999,-9999
20010925,1,exclusion,1100,0.376,5.99,1.13
20010925,2,exclusion,10,-9999,0.24,0.41
20010925,2,exclusion,25,-9999,0.39,0.44
20010925,2,exclusion,30,0.232,-9999,-9999
20010925,2,exclusion,50,0.247,0.8,0.56
20010925,2,exclusion,100,0.287,1.45,0.54
20010925,2,exclusion,200,0.276,1.59,0.59
20010925,2,exclusion,300,0.306,1.77,0.57
20010925,2,exclusion,400,0.348,-9999,-9999
20010925,2,exclusion,500,0.343,-9999,-9999
20010925,2,exclusion,600,0.41,-9999,-9999
20010925,2,exclusion,700,0.395,3.58,0.67
20010925,2,exclusion,800,0.401,-9999,-9999
20010925,2,exclusion,900,0.389,-9999,-9999
20010925,2,exclusion,1000,0.376,-9999,-9999
20010925,2,exclusion,1100,0.383,5.77,0.84
20010925,3,exclusion,10,-9999,0.36,0.41
20010925,3,exclusion,25,-9999,0.57,0.46
20010925,3,exclusion,30,0.233,-9999,-9999
20010925,3,exclusion,50,0.157,1.02,0.6
20010925,3,exclusion,100,0.288,1.16,0.57
20010925,3,exclusion,200,0.255,1.52,0.47
20010925,3,exclusion,300,0.299,1.88,0.55
20010925,3,exclusion,400,0.314,-9999,-9999
20010925,3,exclusion,500,0.356,-9999,-9999
20010925,3,exclusion,600,0.39,-9999,-9999
20010925,3,exclusion,700,0.419,3.51,0.65
20010925,3,exclusion,800,0.399,-9999,-9999
20010925,3,exclusion,900,0.407,-9999,-9999
20010925,3,exclusion,1000,0.362,-9999,-9999
20010925,3,exclusion,1100,0.366,7.17,0.95
20010925,4,control,10,-9999,0.51,0.42
20010925,4,control,25,-9999,0.75,0.45
20010925,4,control,30,0.29,-9999,-9999
20010925,4,control,50,0.269,1.05,0.5
20010925,4,control,100,0.257,1.43,0.62
20010925,4,control,200,0.288,2.07,0.82
20010925,4,control,300,0.337,2.24,0.8
20010925,4,control,400,0.371,-9999,-9999
20010925,4,control,500,0.395,-9999,-9999
20010925,4,control,600,0.422,-9999,-9999
20010925,4,control,700,0.439,4.39,1.39
20010925,4,control,800,0.451,-9999,-9999
20010925,4,control,900,0.433,-9999,-9999
20010925,4,control,1000,0.434,-9999,-9999
20010925,4,control,1100,0.437,6.13,0.84
20010925,5,control,10,-9999,0.27,0.39
20010925,5,control,25,-9999,1.02,0.52
20010925,5,control,30,0.319,-9999,-9999
20010925,5,control,50,0.324,1.28,0.58
20010925,5,control,100,0.278,1.55,0.56
20010925,5,control,200,0.236,2.07,0.59
20010925,5,control,300,0.288,2.43,0.78
20010925,5,control,400,0.361,-9999,-9999
20010925,5,control,500,0.396,-9999,-9999
20010925,5,control,600,0.4,-9999,-9999
20010925,5,control,700,0.429,3.78,1.17
20010925,5,control,800,0.38,-9999,-9999
20010925,5,control,900,0.439,-9999,-9999
20010925,5,control,1000,0.434,-9999,-9999
20010925,5,control,1100,0.425,5.74,1.22
20010925,6,control,10,-9999,0.43,0.44
20010925,6,control,25,-9999,0.73,0.46
20010925,6,control,30,0.289,-9999,-9999
20010925,6,control,50,0.235,1.06,0.51
20010925,6,control,100,0.309,1.44,0.46
20010925,6,control,200,0.307,2.35,0.72
20010925,6,control,300,0.29,1.24,0.57
20010925,6,control,400,0.362,-9999,-9999
20010925,6,control,500,0.415,-9999,-9999
20010925,6,control,600,0.417,-9999,-9999
20010925,6,control,700,0.423,3.03,0.91
20010925,6,control,800,0.416,-9999,-9999
20010925,6,control,900,0.375,-9999,-9999
20010925,6,control,1000,0.401,-9999,-9999
20010925,6,control,1100,0.399,7.19,1.21
20011114,1,exclusion,10,-9999,-9999,0.31
20011114,1,exclusion,25,-9999,-9999,0.32
20011114,1,exclusion,30,0.225,-9999,-9999
20011114,1,exclusion,50,0.211,-9999,0.32
20011114,1,exclusion,100,0.241,-9999,0.36
20011114,1,exclusion,200,0.211,-9999,0.39
20011114,1,exclusion,300,0.186,-9999,0.4
20011114,1,exclusion,400,0.234,-9999,-9999
20011114,1,exclusion,500,0.314,-9999,-9999
20011114,1,exclusion,600,0.38,-9999,-9999
20011114,1,exclusion,700,0.353,-9999,1.12
20011114,1,exclusion,800,0.345,-9999,-9999
20011114,1,exclusion,900,0.368,-9999,-9999
20011114,1,exclusion,1000,0.357,-9999,-9999
20011114,1,exclusion,1100,0.363,-9999,0.52
20011114,2,exclusion,10,-9999,-9999,0.33
20011114,2,exclusion,25,-9999,-9999,0.34
20011114,2,exclusion,30,0.206,-9999,-9999
20011114,2,exclusion,50,0.225,-9999,0.39
20011114,2,exclusion,100,0.277,-9999,0.42
20011114,2,exclusion,200,0.271,-9999,0.46
20011114,2,exclusion,300,0.298,-9999,0.49
20011114,2,exclusion,400,0.337,-9999,-9999
20011114,2,exclusion,500,0.331,-9999,-9999
20011114,2,exclusion,600,0.401,-9999,-9999
20011114,2,exclusion,700,0.384,-9999,0.95
20011114,2,exclusion,800,0.388,-9999,-9999
20011114,2,exclusion,900,0.384,-9999,-9999
20011114,2,exclusion,1000,0.365,-9999,-9999
20011114,2,exclusion,1100,0.369,-9999,0.56
20011114,3,exclusion,10,-9999,-9999,0.36
20011114,3,exclusion,25,-9999,-9999,0.38
20011114,3,exclusion,30,0.198,-9999,-9999
20011114,3,exclusion,50,0.13,-9999,0.45
20011114,3,exclusion,100,0.276,-9999,0.52
20011114,3,exclusion,200,0.245,-9999,0.52
20011114,3,exclusion,300,0.291,-9999,0.54
20011114,3,exclusion,400,0.304,-9999,-9999
20011114,3,exclusion,500,0.343,-9999,-9999
20011114,3,exclusion,600,0.374,-9999,-9999
20011114,3,exclusion,700,0.409,-9999,0.7
20011114,3,exclusion,800,0.386,-9999,-9999
20011114,3,exclusion,900,0.393,-9999,-9999
20011114,3,exclusion,1000,0.343,-9999,-9999
20011114,3,exclusion,1100,0.35,-9999,1.04
20011114,4,control,10,-9999,-9999,0.41
20011114,4,control,25,-9999,-9999,0.43
20011114,4,control,30,0.252,-9999,-9999
20011114,4,control,50,0.249,-9999,0.45
20011114,4,control,100,0.224,-9999,0.48
20011114,4,control,200,0.253,-9999,0.56
20011114,4,control,300,0.298,-9999,0.6
20011114,4,control,400,0.33,-9999,-9999
20011114,4,control,500,0.368,-9999,-9999
20011114,4,control,600,0.402,-9999,-9999
20011114,4,control,700,0.425,-9999,0.96
20011114,4,control,800,0.445,-9999,-9999
20011114,4,control,900,0.42,-9999,-9999
20011114,4,control,1000,0.424,-9999,-9999
20011114,4,control,1100,0.426,-9999,0.85
20011114,5,control,10,-9999,-9999,0.39
20011114,5,control,25,-9999,-9999,0.44
20011114,5,control,30,0.271,-9999,-9999
20011114,5,control,50,0.276,-9999,0.47
20011114,5,control,100,0.239,-9999,0.47
20011114,5,control,200,0.205,-9999,0.49
20011114,5,control,300,0.26,-9999,0.6
20011114,5,control,400,0.32,-9999,-9999
20011114,5,control,500,0.37,-9999,-9999
20011114,5,control,600,0.379,-9999,-9999
20011114,5,control,700,0.412,-9999,0.93
20011114,5,control,800,0.362,-9999,-9999
20011114,5,control,900,0.414,-9999,-9999
20011114,5,control,1000,0.424,-9999,-9999
20011114,5,control,1100,0.415,-9999,0.71
20011114,6,control,10,-9999,-9999,0.37
20011114,6,control,25,-9999,-9999,0.39
20011114,6,control,30,0.249,-9999,-9999
20011114,6,control,50,0.195,-9999,0.43
20011114,6,control,100,0.267,-9999,0.46
20011114,6,control,200,0.258,-9999,0.54
20011114,6,control,300,0.258,-9999,0.48
20011114,6,control,400,0.336,-9999,-9999
20011114,6,control,500,0.392,-9999,-9999
20011114,6,control,600,0.394,-9999,-9999
20011114,6,control,700,0.403,-9999,0.79
20011114,6,control,800,0.397,-9999,-9999
20011114,6,control,900,0.358,-9999,-9999
20011114,6,control,1000,0.384,-9999,-9999
20011114,6,control,1100,0.38,-9999,1.16
20020221,1,exclusion,10,-9999,0.45,0.4
20020221,1,exclusion,25,-9999,0.71,0.4
20020221,1,exclusion,30,0.284,-9999,-9999
20020221,1,exclusion,50,0.232,0.89,0.42
20020221,1,exclusion,100,0.263,0.96,0.89
20020221,1,exclusion,200,0.224,1.29,0.54
20020221,1,exclusion,300,0.207,1.35,0.51
20020221,1,exclusion,400,0.241,-9999,-9999
20020221,1,exclusion,500,0.314,-9999,-9999
20020221,1,exclusion,600,0.386,-9999,-9999
20020221,1,exclusion,700,0.348,3.33,0.66
20020221,1,exclusion,800,0.351,-9999,-9999
20020221,1,exclusion,900,0.368,-9999,-9999
20020221,1,exclusion,1000,0.355,-9999,-9999
20020221,1,exclusion,1100,0.363,5.97,1.01
20020221,2,exclusion,10,-9999,0.38,0.56
20020221,2,exclusion,25,-9999,0.57,0.63
20020221,2,exclusion,30,0.256,-9999,-9999
20020221,2,exclusion,50,0.253,0.9,0.78
20020221,2,exclusion,100,0.283,1.03,0.71
20020221,2,exclusion,200,0.272,1.01,0.54
20020221,2,exclusion,300,0.296,1.21,0.52
20020221,2,exclusion,400,0.338,-9999,-9999
20020221,2,exclusion,500,0.335,-9999,-9999
20020221,2,exclusion,600,0.401,-9999,-9999
20020221,2,exclusion,700,0.385,1.38,0.51
20020221,2,exclusion,800,0.387,-9999,-9999
20020221,2,exclusion,900,0.381,-9999,-9999
20020221,2,exclusion,1000,0.366,-9999,-9999
20020221,2,exclusion,1100,0.363,5.65,1
20020221,3,exclusion,10,-9999,0.25,0.45
20020221,3,exclusion,25,-9999,0.38,0.51
20020221,3,exclusion,30,0.321,-9999,-9999
20020221,3,exclusion,50,0.188,0.56,0.58
20020221,3,exclusion,100,0.279,0.7,0.51
20020221,3,exclusion,200,0.247,0.8,0.57
20020221,3,exclusion,300,0.286,0.92,0.53
20020221,3,exclusion,400,0.289,-9999,-9999
20020221,3,exclusion,500,0.341,-9999,-9999
20020221,3,exclusion,600,0.374,-9999,-9999
20020221,3,exclusion,700,0.41,2.29,0.63
20020221,3,exclusion,800,0.385,-9999,-9999
20020221,3,exclusion,900,0.394,-9999,-9999
20020221,3,exclusion,1000,0.344,-9999,-9999
20020221,3,exclusion,1100,0.351,5,1.06
20020221,4,control,10,-9999,0.6,0.98
20020221,4,control,25,-9999,0.84,1.02
20020221,4,control,30,0.407,-9999,-9999
20020221,4,control,50,0.336,1.18,1.68
20020221,4,control,100,0.301,1.23,1.78
20020221,4,control,200,0.301,1.1,1.51
20020221,4,control,300,0.343,1.02,1.39
20020221,4,control,400,0.325,-9999,-9999
20020221,4,control,500,0.355,-9999,-9999
20020221,4,control,600,0.395,-9999,-9999
20020221,4,control,700,0.416,2.73,0.95
20020221,4,control,800,0.434,-9999,-9999
20020221,4,control,900,0.406,-9999,-9999
20020221,4,control,1000,0.414,-9999,-9999
20020221,4,control,1100,0.416,3.07,0.84
20020221,5,control,10,-9999,-9999,0.55
20020221,5,control,25,-9999,0.56,0.76
20020221,5,control,30,0.431,-9999,-9999
20020221,5,control,50,0.385,0.98,0.66
20020221,5,control,100,0.322,0.85,0.81
20020221,5,control,200,0.267,1.56,1
20020221,5,control,300,0.296,1.8,0.73
20020221,5,control,400,0.335,-9999,-9999
20020221,5,control,500,0.353,-9999,-9999
20020221,5,control,600,0.369,-9999,-9999
20020221,5,control,700,0.392,3,0.84
20020221,5,control,800,0.354,-9999,-9999
20020221,5,control,900,0.4,-9999,-9999
20020221,5,control,1000,0.41,-9999,-9999
20020221,5,control,1100,0.399,5.62,1.01
20020221,6,control,10,-9999,0.37,0.68
20020221,6,control,25,-9999,0.72,0.76
20020221,6,control,30,0.421,-9999,-9999
20020221,6,control,50,0.292,0.69,0.74
20020221,6,control,100,0.345,1.3,0.97
20020221,6,control,200,0.335,2.51,1.02
20020221,6,control,300,0.309,0.95,0.56
20020221,6,control,400,0.33,-9999,-9999
20020221,6,control,500,0.37,-9999,-9999
20020221,6,control,600,0.383,-9999,-9999
20020221,6,control,700,0.396,1.74,0.71
20020221,6,control,800,0.39,-9999,-9999
20020221,6,control,900,0.353,-9999,-9999
20020221,6,control,1000,0.377,-9999,-9999
20020221,6,control,1100,0.374,6.98,1.31
20020417,1,exclusion,10,-9999,0.49,0.4
20020417,1,exclusion,25,-9999,0.74,0.45
20020417,1,exclusion,30,0.317,-9999,-9999
20020417,1,exclusion,50,0.247,0.89,0.49
20020417,1,exclusion,100,0.281,1.04,0.85
20020417,1,exclusion,200,0.221,1.21,0.63
20020417,1,exclusion,300,0.201,1.21,0.59
20020417,1,exclusion,400,0.24,-9999,-9999
20020417,1,exclusion,500,0.314,-9999,-9999
20020417,1,exclusion,600,0.386,-9999,-9999
20020417,1,exclusion,700,0.352,2.1,0.53
20020417,1,exclusion,800,0.351,-9999,-9999
20020417,1,exclusion,900,0.371,-9999,-9999
20020417,1,exclusion,1000,0.36,-9999,-9999
20020417,1,exclusion,1100,0.36,4.37,0.92
20020417,2,exclusion,10,-9999,0.24,0.45
20020417,2,exclusion,25,-9999,0.48,0.48
20020417,2,exclusion,30,0.264,-9999,-9999
20020417,2,exclusion,50,0.271,1.3,0.96
20020417,2,exclusion,100,0.289,0.78,0.59
20020417,2,exclusion,200,0.275,1.11,0.73
20020417,2,exclusion,300,0.294,1.43,0.71
20020417,2,exclusion,400,0.34,-9999,-9999
20020417,2,exclusion,500,0.335,-9999,-9999
20020417,2,exclusion,600,0.402,-9999,-9999
20020417,2,exclusion,700,0.383,2.68,0.58
20020417,2,exclusion,800,0.391,-9999,-9999
20020417,2,exclusion,900,0.38,-9999,-9999
20020417,2,exclusion,1000,0.365,-9999,-9999
20020417,2,exclusion,1100,0.364,5.18,0.79
20020417,3,exclusion,10,-9999,0.26,0.72
20020417,3,exclusion,25,-9999,0.37,1.13
20020417,3,exclusion,30,0.317,-9999,-9999
20020417,3,exclusion,50,0.223,0.57,0.98
20020417,3,exclusion,100,0.317,0.81,0.94
20020417,3,exclusion,200,0.25,0.84,0.76
20020417,3,exclusion,300,0.289,0.84,0.68
20020417,3,exclusion,400,0.296,-9999,-9999
20020417,3,exclusion,500,0.343,-9999,-9999
20020417,3,exclusion,600,0.376,-9999,-9999
20020417,3,exclusion,700,0.411,1.83,0.63
20020417,3,exclusion,800,0.387,-9999,-9999
20020417,3,exclusion,900,0.395,-9999,-9999
20020417,3,exclusion,1000,0.346,-9999,-9999
20020417,3,exclusion,1100,0.35,4.11,0.98
20020417,4,control,10,-9999,0.64,1.51
20020417,4,control,25,-9999,0.31,1.22
20020417,4,control,30,0.403,-9999,-9999
20020417,4,control,50,0.339,0.19,1
20020417,4,control,100,0.312,0.36,0.64
20020417,4,control,200,0.311,0.42,3.72
20020417,4,control,300,0.357,0.32,2.5
20020417,4,control,400,0.375,-9999,-9999
20020417,4,control,500,0.403,-9999,-9999
20020417,4,control,600,0.425,-9999,-9999
20020417,4,control,700,0.439,0.71,1.02
20020417,4,control,800,0.451,-9999,-9999
20020417,4,control,900,0.418,-9999,-9999
20020417,4,control,1000,0.414,-9999,-9999
20020417,4,control,1100,0.415,3.02,1.22
20020417,5,control,10,-9999,0.44,1.02
20020417,5,control,25,-9999,0.47,0.99
20020417,5,control,30,0.425,-9999,-9999
20020417,5,control,50,0.385,0.23,0.62
20020417,5,control,100,0.326,0.68,2.23
20020417,5,control,200,0.287,0.81,1.24
20020417,5,control,300,0.31,0.77,1.6
20020417,5,control,400,0.358,-9999,-9999
20020417,5,control,500,0.399,-9999,-9999
20020417,5,control,600,0.403,-9999,-9999
20020417,5,control,700,0.42,1,0.94
20020417,5,control,800,0.382,-9999,-9999
20020417,5,control,900,0.429,-9999,-9999
20020417,5,control,1000,0.433,-9999,-9999
20020417,5,control,1100,0.41,1.8,1.3
20020417,6,control,10,-9999,0.57,1.18
20020417,6,control,25,-9999,0.49,0.98
20020417,6,control,30,0.41,-9999,-9999
20020417,6,control,50,0.299,0.4,0.99
20020417,6,control,100,0.362,0.86,1.45
20020417,6,control,200,0.355,-9999,-9999
20020417,6,control,300,0.335,-9999,-9999
20020417,6,control,400,0.377,-9999,-9999
20020417,6,control,500,0.426,-9999,-9999
20020417,6,control,600,0.425,-9999,-9999
20020417,6,control,700,0.428,-9999,-9999
20020417,6,control,800,0.413,-9999,-9999
20020417,6,control,900,0.378,-9999,-9999
20020417,6,control,1000,0.378,-9999,-9999
20020417,6,control,1100,0.375,-9999,-9999
20020614,1,exclusion,10,-9999,0.32,0.33
20020614,1,exclusion,25,-9999,0.47,0.34
20020614,1,exclusion,30,0.235,-9999,-9999
20020614,1,exclusion,50,0.227,0.62,0.38
20020614,1,exclusion,100,0.258,0.86,0.65
20020614,1,exclusion,200,0.213,0.87,0.55
20020614,1,exclusion,300,0.212,1.01,0.53
20020614,1,exclusion,400,0.238,-9999,-9999
20020614,1,exclusion,500,0.312,-9999,-9999
20020614,1,exclusion,600,0.389,-9999,-9999
20020614,1,exclusion,700,0.355,1.04,0.38
20020614,1,exclusion,800,0.353,-9999,-9999
20020614,1,exclusion,900,0.372,-9999,-9999
20020614,1,exclusion,1000,0.362,-9999,-9999
20020614,1,exclusion,1100,0.362,1.81,0.44
20020614,2,exclusion,10,-9999,0.2,0.35
20020614,2,exclusion,25,-9999,0.42,0.4
20020614,2,exclusion,30,0.201,-9999,-9999
20020614,2,exclusion,50,0.235,0.64,0.47
20020614,2,exclusion,100,0.284,0.6,0.45
20020614,2,exclusion,200,0.278,1.18,0.61
20020614,2,exclusion,300,0.295,0.85,0.48
20020614,2,exclusion,400,0.341,-9999,-9999
20020614,2,exclusion,500,0.337,-9999,-9999
20020614,2,exclusion,600,0.401,-9999,-9999
20020614,2,exclusion,700,0.388,1.91,0.45
20020614,2,exclusion,800,0.39,-9999,-9999
20020614,2,exclusion,900,0.38,-9999,-9999
20020614,2,exclusion,1000,0.366,-9999,-9999
20020614,2,exclusion,1100,0.365,2.82,0.45
20020614,3,exclusion,10,-9999,0.33,0.43
20020614,3,exclusion,25,-9999,0.37,0.5
20020614,3,exclusion,30,0.232,-9999,-9999
20020614,3,exclusion,50,0.181,0.66,0.57
20020614,3,exclusion,100,0.28,1.07,0.6
20020614,3,exclusion,200,0.253,1.32,0.55
20020614,3,exclusion,300,0.302,0.98,0.53
20020614,3,exclusion,400,0.304,-9999,-9999
20020614,3,exclusion,500,0.342,-9999,-9999
20020614,3,exclusion,600,0.381,-9999,-9999
20020614,3,exclusion,700,0.413,2.92,0.57
20020614,3,exclusion,800,0.385,-9999,-9999
20020614,3,exclusion,900,0.396,-9999,-9999
20020614,3,exclusion,1000,0.35,-9999,-9999
20020614,3,exclusion,1100,0.354,3.93,0.56
20020614,4,control,10,-9999,1.05,0.65
20020614,4,control,25,-9999,0.99,0.57
20020614,4,control,30,0.352,-9999,-9999
20020614,4,control,50,0.307,1.53,0.81
20020614,4,control,100,0.279,2.11,2.34
20020614,4,control,200,0.294,2.11,3.08
20020614,4,control,300,0.339,2.3,2.42
20020614,4,control,400,0.364,-9999,-9999
20020614,4,control,500,0.391,-9999,-9999
20020614,4,control,600,0.423,-9999,-9999
20020614,4,control,700,0.437,2.46,0.84
20020614,4,control,800,0.449,-9999,-9999
20020614,4,control,900,0.434,-9999,-9999
20020614,4,control,1000,0.436,-9999,-9999
20020614,4,control,1100,0.436,2.06,0.45
20020614,5,control,10,-9999,1.18,0.63
20020614,5,control,25,-9999,1.08,0.58
20020614,5,control,30,0.352,-9999,-9999
20020614,5,control,50,0.35,0.4,0.43
20020614,5,control,100,0.296,1.88,1.29
20020614,5,control,200,0.257,1.83,0.82
20020614,5,control,300,0.289,1.86,1.23
20020614,5,control,400,0.354,-9999,-9999
20020614,5,control,500,0.391,-9999,-9999
20020614,5,control,600,0.397,-9999,-9999
20020614,5,control,700,0.417,1.94,0.65
20020614,5,control,800,0.404,-9999,-9999
20020614,5,control,900,0.424,-9999,-9999
20020614,5,control,1000,0.433,-9999,-9999
20020614,5,control,1100,0.421,0.8,0.38
20020614,6,control,10,-9999,0.1,0.39
20020614,6,control,25,-9999,0.6,0.54
20020614,6,control,30,0.342,-9999,-9999
20020614,6,control,50,0.254,1.56,0.85
20020614,6,control,100,0.322,1.2,0.64
20020614,6,control,200,0.332,2.84,1.4
20020614,6,control,300,0.312,0.99,0.58
20020614,6,control,400,0.367,-9999,-9999
20020614,6,control,500,0.415,-9999,-9999
20020614,6,control,600,0.419,-9999,-9999
20020614,6,control,700,0.428,1.94,0.78
20020614,6,control,800,0.425,-9999,-9999
20020614,6,control,900,0.388,-9999,-9999
20020614,6,control,1000,0.412,-9999,-9999
20020614,6,control,1100,0.409,5.67,0.6
