Date,Depth,Treatment,YMo,Plot,ARQ,dC13_permil,CO2_ppm,UID,dC13corr_permil,Temp_C,VWC
3/5/14,30,Control,2014 3,1,NA,-24.1020259,9233.202001,1Control30,-28.99225059,7.2458125,0.299072917
3/5/14,30,Heated,2014 3,1,NA,-24.48149816,8333.138793,1Heated30,-29.45920995,NA,NA
3/5/14,50,Control,2014 3,1,NA,-24.81708687,10592.00088,1Control50,-29.6504619,6.841833333,0.355552891
3/5/14,50,Heated,2014 3,1,NA,-23.03709042,12697.16633,1Heated50,-27.72367866,11.109375,0.368149171
3/5/14,70,Control,2014 3,1,NA,-23.75417897,9007.673995,1Control70,-28.64573428,NA,NA
3/5/14,70,Heated,2014 3,1,NA,-22.452,13446.72437,1Heated70,-27.09966553,NA,NA
3/5/14,90,Control,2014 3,1,NA,-23.63310841,9759.865677,1Control90,-28.47052785,6.883083333,0.293488849
3/5/14,90,Heated,2014 3,1,NA,-23.15072716,9670.256476,1Heated90,-27.97466616,10.62083333,0.297320876
3/5/14,30,Control,2014 3,2,NA,-25.8055451,5131.856181,2Control30,-31.36748969,7.434354167,0.325190089
3/5/14,30,Heated,2014 3,2,NA,-25.30336656,5879.141313,2Heated30,-30.65379266,NA,0.304767827
3/5/14,50,Heated,2014 3,2,NA,-24.60092575,9354.79346,2Heated50,-29.50310569,11.55583333,0.32394703
3/5/14,70,Control,2014 3,2,NA,-24.39497926,10175.9041,2Control70,-29.23667521,NA,NA
3/5/14,70,Heated,2014 3,2,NA,-23.91755286,10012.07224,2Heated70,-28.75096785,NA,NA
3/5/14,90,Heated,2014 3,2,NA,-23.195,14221.71137,2Heated90,-27.84062318,11.385,0.24398731
3/5/14,30,Control,2014 3,3,NA,-25.5904497,11642.78875,3Control30,-30.39571847,7.2458125,0.299072917
3/5/14,50,Control,2014 3,3,NA,-24.71470369,11944.26976,3Control50,-29.47915872,6.841833333,0.355552891
3/5/14,70,Control,2014 3,3,NA,-23.935,12569.10059,3Control70,-28.65172849,NA,NA
3/5/14,90,Control,2014 3,3,NA,-24.52545985,12155.49556,3Control90,-29.27539976,6.883083333,0.293488849
4/21/14,30,Control,2014 4,1,NA,-23.34009886,8419.098908,1Control30,-28.25777623,10.68791667,0.27003335
4/21/14,30,Heated,2014 4,1,NA,-24.2,12754.81807,1Heated30,-28.91759776,14.67680556,NA
4/21/14,50,Control,2014 4,1,NA,-24,10117.58706,1Control50,-28.83042335,9.94,0.315804901
4/21/14,50,Heated,2014 4,1,NA,-24.6,9445.794213,1Heated50,-29.49580892,14.05541667,0.322859275
4/21/14,70,Control,2014 4,1,NA,-24.38726095,8369.3346,1Control70,-29.35740946,NA,NA
4/21/14,70,Heated,2014 4,1,NA,-23.69687049,8997.4334,1Heated70,-28.58671794,NA,NA
4/21/14,90,Control,2014 4,1,NA,-24.59800418,9075.1684,1Control90,-29.52035512,8.7275,0.279092608
4/21/14,90,Heated,2014 4,1,NA,-23.76370219,7008.75,1Heated90,-28.84193216,12.44,0.273966556
4/21/14,30,Control,2014 4,2,NA,-24.33388885,6179.640296,2Control30,-29.5645717,10.14791667,0.290618327
4/21/14,30,Heated,2014 4,2,NA,-24.14210845,7277.49212,2Heated30,-29.20955518,14.17166667,0.264442763
4/21/14,50,Control,2014 4,2,NA,-23.77375325,5622.758936,2Control50,-29.06566141,9.5175,0.340677159
4/21/14,50,Heated,2014 4,2,NA,-24.19415086,7862.217548,2Heated50,-29.20204426,13.8425,0.2860411
4/21/14,70,Control,2014 4,2,NA,-24.4,13285.84941,2Control70,-29.10472888,NA,NA
4/21/14,70,Heated,2014 4,2,NA,-24.2,10721.3736,2Heated70,-29.00489737,NA,NA
4/21/14,90,Control,2014 4,2,NA,-24.7001402,9223.9754,2Control90,-29.61576,8.716458333,0.297406625
4/21/14,90,Heated,2014 4,2,NA,-24.70655025,9690.8296,2Heated90,-29.5900869,12.648125,0.214631733
4/21/14,30,Control,2014 4,3,NA,-24.5,10984.73089,3Control30,-29.30182905,10.68791667,0.27003335
4/21/14,30,Heated,2014 4,3,NA,-23.9,10284.65146,3Heated30,-28.71739383,14.67680556,0.296654475
4/21/14,50,Control,2014 4,3,NA,-24.5,12058.71637,3Control50,-29.25312827,9.94,0.315804901
4/21/14,50,Heated,2014 4,3,NA,-23.7,14242.48684,3Heated50,-28.35758932,14.05541667,0.322859275
4/21/14,70,Control,2014 4,3,NA,-25,13457.2014,3Control70,-29.71499576,NA,NA
4/21/14,70,Heated,2014 4,3,NA,-24,12875.7436,3Heated70,-28.70770678,NA,NA
4/21/14,90,Control,2014 4,3,NA,-25.1,10747.1372,3Control90,-29.93475484,8.7275,0.279092608
4/21/14,90,Heated,2014 4,3,NA,-24.3,10199.8828,3Heated90,-29.13680837,12.44,0.273966556
5/29/14,30,Control,2014 5,1,NA,-23.03189698,9753.585529,1Control30,-27.84637178,13.86076923,0.273663458
5/29/14,30,Heated,2014 5,1,NA,-23.60089956,7581.005641,1Heated30,-28.60675862,14.90474359,NA
5/29/14,50,Control,2014 5,1,NA,-23.52698657,10130.89942,1Control50,-28.33909449,13.08153846,0.311875456
5/29/14,50,Heated,2014 5,1,NA,-23.47396509,7832.418792,1Heated50,-28.4488217,14.77230769,0.315406525
5/29/14,70,Control,2014 5,1,NA,-23.50498303,12729.85621,1Control70,-28.20376391,NA,NA
5/29/14,70,Heated,2014 5,1,NA,-23.2765998,12130.15576,1Heated70,-27.99005474,NA,NA
5/29/14,90,Control,2014 5,1,NA,-23.47790503,14934.75931,1Control90,-28.11216,11.43230769,0.273492713
5/29/14,90,Heated,2014 5,1,NA,-23.37362977,15261.65992,1Heated90,-27.99766707,13.93230769,0.262454872
5/29/14,30,Control,2014 5,2,NA,-23.30095501,6269.861903,2Control30,-28.45036485,12.42270833,0.292314505
5/29/14,30,Heated,2014 5,2,NA,-23.76625485,8922.527064,2Heated30,-28.66447656,16.22145833,0.272610166
5/29/14,50,Control,2014 5,2,NA,-23.04630184,3655.489071,2Control50,-28.86563508,11.700625,0.341463804
5/29/14,50,Heated,2014 5,2,NA,-23.85595699,12845.35226,2Heated50,-28.56067752,15.96458333,0.288932964
5/29/14,70,Control,2014 5,2,NA,-23.62666394,14585.26043,2Control70,-28.2732849,NA,NA
5/29/14,70,Heated,2014 5,2,NA,-23.84688528,17476.07434,2Heated70,-28.43519268,NA,NA
5/29/14,90,Control,2014 5,2,NA,-23.92559952,18387.24522,2Control90,-28.49951667,10.39416667,0.292116432
5/29/14,90,Heated,2014 5,2,NA,-23.95171703,18655.80209,2Heated90,-28.52171215,14.36875,0.205340078
5/29/14,30,Control,2014 5,3,NA,-23.80089568,14080.29479,3Control30,-28.46553576,13.86076923,0.273663458
5/29/14,30,Heated,2014 5,3,NA,-24.21858663,13158.75754,3Heated30,-28.92266356,14.90474359,0.302983071
5/29/14,50,Control,2014 5,3,NA,-23.9481105,18639.45445,3Control50,-28.51830536,13.08153846,0.311875456
5/29/14,50,Heated,2014 5,3,NA,-24.15707201,20446.67642,3Heated50,-28.70401365,14.77230769,0.315406525
5/29/14,70,Control,2014 5,3,NA,-23.83236145,26129.52908,3Control70,-28.31553321,NA,NA
5/29/14,70,Heated,2014 5,3,NA,-24.34475885,23569.52005,3Heated70,-28.85747322,NA,NA
5/29/14,90,Control,2014 5,3,NA,-24.10960994,30676.50958,3Control90,-28.5641928,11.43230769,0.273492713
5/29/14,90,Heated,2014 5,3,NA,-24.23156316,26394.6569,3Heated90,-28.71707489,13.93230769,0.262454872
6/24/14,30,Control,2014 6,1,NA,-24.06982958,6408.965402,1Control30,-29.2473804,17.2075,0.215773501
6/24/14,30,Heated,2014 6,1,NA,-23.94448026,5306.944502,1Heated30,-29.31511583,20.84826389,NA
6/24/14,50,Control,2014 6,1,NA,-23.76883936,7618.04787,1Control50,-28.77961794,15.95770833,0.25549774
6/24/14,50,Heated,2014 6,1,NA,-23.59360876,8325.75069,1Heated50,-28.5306262,19.77708333,0.268976712
6/24/14,70,Control,2014 6,1,NA,-23.22884962,8937.668336,1Control70,-28.10290372,NA,NA
6/24/14,70,Heated,2014 6,1,NA,-23.54207925,9632.616913,1Heated70,-28.38364194,NA,NA
6/24/14,90,Control,2014 6,1,NA,-23.38164615,10386.05972,1Control90,-28.17485057,14.04625,0.253126495
6/24/14,90,Heated,2014 6,1,NA,-23.22472569,11864.45181,1Heated90,-27.94666038,17.28916667,0.233723785
6/24/14,30,Control,2014 6,2,NA,-23.9567322,5056.329854,2Control30,-29.38736993,14.46458333,0.211110804
6/24/14,30,Heated,2014 6,2,NA,-23.91375035,4666.159287,2Heated30,-29.44625801,18.27868056,0.207795
6/24/14,50,Control,2014 6,2,NA,-24.08773356,5529.758713,2Control50,-29.42142029,13.40541667,0.247955026
6/24/14,50,Heated,2014 6,2,NA,-23.23381943,7455.788811,2Heated50,-28.23321341,17.660625,0.238044288
6/24/14,70,Control,2014 6,2,NA,-23.68459046,10037.5073,2Control70,-28.50779322,NA,NA
6/24/14,70,Heated,2014 6,2,NA,-23.28567183,9543.520565,2Heated70,-28.12253266,NA,NA
6/24/14,90,Control,2014 6,2,NA,-23.61033707,13646.81882,2Control90,-28.2827117,12.06,0.269249225
6/24/14,90,Heated,2014 6,2,NA,-23.28776682,11135.23033,2Heated90,-28.04190015,16.05354167,0.187874112
6/24/14,30,Control,2014 6,3,NA,-23.58115662,6147.312723,3Control30,-28.76761715,17.2075,0.215773501
6/24/14,30,Heated,2014 6,3,NA,-24.07566241,7058.667802,3Heated30,-29.16543413,20.84826389,0.235205043
6/24/14,50,Control,2014 6,3,NA,-23.38063843,8084.069146,3Control50,-28.32815769,15.95770833,0.25549774
6/24/14,50,Heated,2014 6,3,NA,-23.271,11835.68219,3Heated50,-27.99548067,19.77708333,0.268976712
6/24/14,70,Control,2014 6,3,NA,-23.23404903,11355.11818,3Control70,-27.97689057,NA,NA
6/24/14,70,Heated,2014 6,3,NA,-23.874,16591.34484,3Heated70,-28.47992135,NA,NA
6/24/14,90,Control,2014 6,3,NA,-23.20595848,14666.91626,3Control90,-27.84040239,14.04625,0.253126495
6/24/14,90,Heated,2014 6,3,NA,-23.343,15474.25584,3Heated90,-27.96147386,17.28916667,0.233723785
7/29/14,30,Control,2014 7,1,NA,-23.42077191,6617.538107,1Control30,-28.52870707,19.68545455,0.198917964
7/29/14,30,Heated,2014 7,1,NA,-23.7657192,6723.996652,1Heated30,-28.88019403,23.35522727,NA
7/29/14,50,Control,2014 7,1,NA,-22.69358989,8545.281165,1Control50,-27.57213749,18.59431818,0.222639384
7/29/14,50,Heated,2014 7,1,NA,-23.96542525,9338.227101,1Heated50,-28.84284537,22.53795455,0.24099347
7/29/14,70,Control,2014 7,1,NA,-22.32500922,9757.813495,1Control70,-27.11183593,NA,NA
7/29/14,70,Heated,2014 7,1,NA,-23.72241522,10412.36788,1Heated70,-28.52651593,NA,NA
7/29/14,90,Control,2014 7,1,NA,-21.87291623,11016.57661,1Control90,-26.58475365,16.79022727,0.215449087
7/29/14,90,Heated,2014 7,1,NA,-23.66469305,13902.4069,1Heated90,-28.33097337,20.23636364,0.205753536
7/29/14,30,Control,2014 7,2,NA,-23.88795014,5121.534862,2Control30,-29.29703656,17.39145833,0.188742767
7/29/14,30,Heated,2014 7,2,NA,-23.20940368,4918.293379,2Heated30,-28.61180883,20.98777778,0.18729997
7/29/14,50,Control,2014 7,2,NA,-23.50595298,6233.863696,2Control50,-28.67403698,16.02791667,0.212942566
7/29/14,50,Heated,2014 7,2,NA,-23.29024741,6946.486196,2Heated50,-28.34897094,20.245,0.208871181
7/29/14,70,Control,2014 7,2,NA,-22.15531178,10151.90182,2Control70,-26.91548076,NA,NA
7/29/14,70,Heated,2014 7,2,NA,-23.52277393,9458.368663,2Heated70,-28.3744156,NA,NA
7/29/14,90,Control,2014 7,2,NA,-21.73348204,12049.00452,2Control90,-26.40324199,14.32083333,0.241744368
7/29/14,90,Heated,2014 7,2,NA,-23.33107528,10913.47012,2Heated90,-28.09671541,18.36083333,0.164458342
7/29/14,30,Control,2014 7,3,NA,-22.48978537,6137.276144,3Control30,-27.60577798,19.68545455,0.198917964
7/29/14,30,Heated,2014 7,3,NA,-23.3632835,7693.631742,3Heated30,-28.34576821,23.35522727,0.214540364
7/29/14,50,Control,2014 7,3,NA,-22.43434864,8128.903402,3Control50,-27.33268318,18.59431818,0.222639384
7/29/14,50,Heated,2014 7,3,NA,-23.36672412,9429.711077,3Heated50,-28.2138935,22.53795455,0.24099347
7/29/14,70,Control,2014 7,3,NA,-21.65333842,11120.67771,3Control70,-26.3537201,NA,NA
7/29/14,70,Heated,2014 7,3,NA,-23.7237527,9524.182655,3Heated70,-28.5792661,NA,NA
7/29/14,90,Control,2014 7,3,NA,-21.09070409,13330.04946,3Control90,-25.70512462,16.79022727,0.215449087
7/29/14,90,Heated,2014 7,3,NA,-23.15269585,15232.33842,3Heated90,-27.77237114,20.23636364,0.205753536
9/3/14,30,Control,2014 9,1,NA,-25.3804991,4975.831898,1Control30,-30.9509573,18.85354167,0.188354398
9/3/14,30,Heated,2014 9,1,NA,-23.50583042,4063.572098,1Heated30,-29.20210302,22.72833333,NA
9/3/14,50,Control,2014 9,1,NA,-24.74086635,6776.651582,1Control50,-29.90591257,18.11333333,0.212624544
9/3/14,50,Heated,2014 9,1,NA,-24.00880516,7240.152055,1Heated50,-29.07329429,22.32520833,0.230409667
9/3/14,70,Control,2014 9,1,NA,-24.84185626,7669.632616,1Control70,-29.90233264,NA,NA
9/3/14,70,Heated,2014 9,1,NA,-24.02317855,10888.89192,1Heated70,-28.81357174,NA,NA
9/3/14,90,Control,2014 9,1,NA,-24.61120639,8988.128053,1Control90,-29.54070585,16.90125,0.205219465
9/3/14,90,Heated,2014 9,1,NA,-22.784,12773.16361,1Heated90,-27.46093886,20.40416667,0.19731191
9/3/14,30,Control,2014 9,2,NA,-23.72918398,4251.286375,2Control30,-29.3786798,17.38625,0.178965718
9/3/14,30,Heated,2014 9,2,NA,-25.58531864,4129.075009,2Heated30,-31.4728997,21.01506944,0.181059529
9/3/14,50,Control,2014 9,2,NA,-24.2892248,5221.920326,2Control50,-29.7065615,16.36979167,0.201276977
9/3/14,50,Heated,2014 9,2,NA,-24.62510144,6566.734336,2Heated50,-29.81348646,20.57354167,0.204579708
9/3/14,70,Control,2014 9,2,NA,-24.19533988,8649.443795,2Control70,-29.1332774,NA,NA
9/3/14,70,Heated,2014 9,2,NA,-24.11839831,8407.59871,2Heated70,-29.07283605,NA,NA
9/3/14,90,Control,2014 9,2,NA,-23.461,12035.86189,2Control90,-28.18356999,15.09604167,0.235744395
9/3/14,90,Heated,2014 9,2,NA,-24.00025031,9490.116539,2Heated90,-28.86900531,19.04,0.15290649
9/3/14,30,Control,2014 9,3,NA,-25.13340532,5121.143703,3Control30,-30.64371379,18.86395833,0.188057956
9/3/14,30,Heated,2014 9,3,NA,-23.66705246,5091.001182,3Heated30,-29.06546404,22.68277778,0.20295856
9/3/14,50,Control,2014 9,3,NA,-24.79646933,6050.707856,3Control50,-30.08004077,18.15729167,0.212487252
9/3/14,50,Heated,2014 9,3,NA,-23.83937699,6606.236343,3Heated50,-28.9742347,22.354375,0.230260729
9/3/14,70,Control,2014 9,3,NA,-24.75254495,7835.090797,3Control70,-29.79099998,NA,NA
9/3/14,70,Heated,2014 9,3,NA,-23.013,9146.252416,3Heated70,-27.86383325,NA,NA
9/3/14,90,Control,2014 9,3,NA,-24.59486221,10231.17189,3Control90,-29.44069825,16.92145833,0.205049188
9/3/14,90,Heated,2014 9,3,NA,-23.026,11547.59028,3Heated90,-27.75420401,20.413125,0.197155952
11/18/14,30,Control,2014 11,1,NA,-27.1829847,6868.253098,1Control30,-32.47717589,9.331041667,0.251373467
11/18/14,30,Heated,2014 11,1,NA,-24.32118703,6444.317186,1Heated30,-29.50915252,13.70319444,NA
11/18/14,50,Control,2014 11,1,NA,-24.44109304,8107.472837,1Control50,-29.43749818,10.27875,0.232738518
11/18/14,50,Heated,2014 11,1,NA,-23.88241204,8180.517414,1Heated50,-28.84547632,14.4575,0.248605726
11/18/14,70,Control,2014 11,1,NA,-24.48293901,9153.093963,1Control70,-29.39470082,NA,NA
11/18/14,70,Heated,2014 11,1,NA,-23.74179171,8087.058755,1Heated70,-28.70644214,NA,NA
11/18/14,90,Control,2014 11,1,NA,-24.65317993,9820.860344,1Control90,-29.52622412,11.64395833,0.204708646
11/18/14,90,Heated,2014 11,1,NA,-23.86556604,10617.27483,1Heated90,-28.66411643,15.29083333,0.197560026
11/18/14,30,Control,2014 11,2,NA,-25.04284811,5393.847803,2Control30,-30.47845785,9.850416667,0.24395322
11/18/14,30,Heated,2014 11,2,NA,-24.76730676,5747.965116,2Heated30,-30.10611881,14.048125,0.246488406
11/18/14,50,Control,2014 11,2,NA,-25.38505722,6785.364347,2Control50,-30.58681085,11.02604167,0.25503372
11/18/14,50,Heated,2014 11,2,NA,-24.50100459,7813.652545,2Heated50,-29.52907592,15.14604167,0.221414734
11/18/14,70,Control,2014 11,2,NA,-24.028,9866.215886,2Control70,-28.87423682,NA,NA
11/18/14,70,Heated,2014 11,2,NA,-24.22637594,9363.728015,2Heated70,-29.11269585,NA,NA
11/18/14,90,Control,2014 11,2,NA,-24.187,12331.49932,2Control90,-28.91993506,12.22625,0.233979884
11/18/14,90,Heated,2014 11,2,NA,-24.67367394,10484.57718,2Heated90,-29.50791801,15.70208333,0.151404721
11/18/14,30,Control,2014 11,3,NA,-26.19580353,9402.257118,3Control30,-31.15921796,9.331041667,0.251373467
11/18/14,30,Heated,2014 11,3,NA,-24.28517174,8016.315385,3Heated30,-29.28264869,13.70319444,0.262856528
11/18/14,50,Control,2014 11,3,NA,-25.86100391,11584.95972,3Control50,-30.67763007,10.27875,0.232738518
11/18/14,50,Heated,2014 11,3,NA,-24.124,12261.5,3Heated50,-28.85777163,14.4575,0.248605726
11/18/14,70,Control,2014 11,3,NA,-25.60034353,13418.87836,3Control70,-30.33263386,NA,NA
11/18/14,70,Heated,2014 11,3,NA,-24.159,13770.212,3Heated70,-28.84189108,NA,NA
11/18/14,90,Control,2014 11,3,NA,-25.53176552,14041.7732,3Control90,-30.24114485,11.64395833,0.204708646
11/18/14,90,Heated,2014 11,3,NA,-24.206,16230.616,3Heated90,-28.8264507,15.29083333,0.197560026
1/9/15,30,Control,2015 1,1,NA,-22.47,7655.02789,1Control30,-27.41042053,6.415583333,0.292962379
1/9/15,30,Heated,2015 1,1,NA,-23.76,7215.68053,1Heated30,-28.81367014,10.01215278,NA
1/9/15,50,Control,2015 1,1,NA,-22.37,9693.195721,1Control50,-27.16209029,6.344708333,0.323786251
1/9/15,50,Heated,2015 1,1,NA,-23.92,8917.396588,1Heated50,-28.82521217,10.12208333,0.335582259
1/9/15,70,Control,2015 1,1,NA,-22.33,11034.56953,1Control70,-27.05646692,NA,NA
1/9/15,70,Heated,2015 1,1,NA,-24.1,10647.4989,1Heated70,-28.90521928,NA,NA
1/9/15,90,Control,2015 1,1,NA,-23.04,15134.0237,1Control90,-27.6593531,6.863854167,0.280313729
1/9/15,90,Heated,2015 1,1,NA,-23.92,12087.3828,1Heated90,-28.65445506,11.413125,0.275115819
1/9/15,30,Control,2015 1,2,NA,-24.09,5981.484451,2Control30,-29.33809254,7.764291667,0.287488424
1/9/15,30,Heated,2015 1,2,NA,-23.86,7813.106725,2Heated30,-28.85601345,11.55291667,0.279498228
1/9/15,50,Control,2015 1,2,NA,-24.68,7022.204034,2Control50,-29.80847217,7.674875,0.356252936
1/9/15,50,Heated,2015 1,2,NA,-23.77,13250.07978,2Heated50,-28.45889462,11.90458333,0.299470571
1/9/15,70,Control,2015 1,2,NA,-24.43,13182.3711,2Control70,-29.13903474,NA,NA
1/9/15,70,Heated,2015 1,2,NA,-23.87,15243.02517,2Heated70,-28.5057978,NA,NA
1/9/15,90,Control,2015 1,2,NA,-24.57,18522.00181,2Control90,-29.15323238,8.152916667,0.299651978
1/9/15,90,Heated,2015 1,2,NA,-24.37,14218.82239,2Heated90,-29.04488093,11.89625,0.216712698
1/9/15,30,Control,2015 1,3,NA,-25.29,12387.29995,3Control30,-30.05312013,6.415583333,0.292962379
1/9/15,30,Heated,2015 1,3,NA,-23.77,10787.06001,3Heated30,-28.55671105,10.01215278,0.325715497
1/9/15,50,Control,2015 1,3,NA,-25.3,14760.49047,3Control50,-29.98182437,6.344708333,0.323786251
1/9/15,50,Heated,2015 1,3,NA,-23.78,14503.45863,3Heated50,-28.43248198,10.12208333,0.335582259
1/9/15,70,Control,2015 1,3,NA,-25.53,19973.32997,3Control70,-30.10582317,NA,NA
1/9/15,70,Heated,2015 1,3,NA,-24.05,18452.50416,3Heated70,-28.62507644,NA,NA
1/9/15,90,Control,2015 1,3,NA,-25.49,22989.97613,3Control90,-30.02428565,6.863854167,0.280313729
1/9/15,90,Heated,2015 1,3,NA,-24.62,23809.88447,3Heated90,-29.13380386,11.413125,0.275115819
2/11/15,30,Control,2015 2,1,NA,-24.48111288,8506.152431,1Control30,-29.44376644,7.641875,0.313722152
2/11/15,30,Heated,2015 2,1,NA,-23.63483041,8565.162089,1Heated30,-28.5543517,10.29333333,NA
2/11/15,50,Control,2015 2,1,NA,-23.88295444,10939.19141,1Control50,-28.66613098,7.856041667,0.349486641
2/11/15,50,Heated,2015 2,1,NA,-24.09950647,10500.05868,1Heated50,-28.91245022,10.59145833,0.361648773
2/11/15,70,Control,2015 2,1,NA,-23.69720057,12048.90218,1Control70,-28.42642468,NA,NA
2/11/15,70,Heated,2015 2,1,NA,-23.18117281,12515.25913,1Heated70,-27.87804192,NA,NA
2/11/15,90,Control,2015 2,1,NA,-24.229,13258.42803,1Control90,-28.93002809,8.097916667,0.290987176
2/11/15,90,Heated,2015 2,1,NA,-22.868,13065.47353,1Heated90,-27.53810476,11.21791667,0.291766251
2/11/15,30,Control,2015 2,2,NA,-23.97253874,6015.547642,2Control30,-29.20678915,8.2925,0.30276645
2/11/15,30,Heated,2015 2,2,NA,-24.95550401,7775.291684,2Heated30,-30.01040034,12.20361111,0.310270736
2/11/15,50,Control,2015 2,2,NA,-24.32437429,6969.972298,2Control50,-29.43935144,8.684166667,0.381064812
2/11/15,50,Heated,2015 2,2,NA,-24.837,13602.89461,2Heated50,-29.54282624,12.74041667,0.33195979
2/11/15,70,Control,2015 2,2,NA,-24.437,12565.54607,2Control70,-29.16831852,NA,NA
2/11/15,70,Heated,2015 2,2,NA,-24.647,13291.61685,2Heated70,-29.3581895,NA,NA
2/11/15,90,Control,2015 2,2,NA,-24.465,16995.03015,2Control90,-29.0746846,9.078125,0.309416904
2/11/15,90,Heated,2015 2,2,NA,-24.019,12654.89226,2Heated90,-28.73504035,12.64083333,0.238356152
2/11/15,30,Control,2015 2,3,NA,-24.76268344,10540.51925,3Control30,-29.59698199,7.641875,0.313722152
2/11/15,30,Heated,2015 2,3,NA,-25.094,12464.03557,3Heated30,-29.8482808,10.29333333,0.352508181
2/11/15,50,Control,2015 2,3,NA,-24.17716155,11733.15745,3Control50,-28.93398985,7.856041667,0.349486641
2/11/15,50,Heated,2015 2,3,NA,-25.258,16460.75958,3Heated50,-29.89532903,10.59145833,0.361648773
2/11/15,70,Control,2015 2,3,NA,-24.575,13625.48271,3Control70,-29.27323455,NA,NA
2/11/15,70,Heated,2015 2,3,NA,-25.131,19618.65167,3Heated70,-29.70585628,NA,NA
2/11/15,90,Control,2015 2,3,NA,-24.578,16847.77874,3Control90,-29.19297337,8.097916667,0.290987176
2/11/15,90,Heated,2015 2,3,NA,-24.745,20580.2873,3Heated90,-29.2993251,11.21791667,0.291766251
3/10/15,30,Control,2015 3,1,NA,-24.34081741,7883.450519,1Control30,-29.35390176,8.493125,0.287269211
3/10/15,30,Heated,2015 3,1,NA,-23.91026091,7783.427626,1Heated30,-28.9116989,12.38138889,NA
3/10/15,50,Control,2015 3,1,NA,-23.165,9736.112627,1Control50,-27.98564981,8.054375,0.316571054
3/10/15,50,Heated,2015 3,1,NA,-22.679,9768.710483,1Heated50,-27.4789469,12.27208333,0.318108865
3/10/15,70,Control,2015 3,1,NA,-23.499,11341.5904,1Control70,-28.25103194,NA,NA
3/10/15,70,Heated,2015 3,1,NA,-22.748,11323.38116,1Heated70,-27.47635312,NA,NA
3/10/15,90,Control,2015 3,1,NA,-23.628,12638.06365,1Control90,-28.33345975,7.977145833,0.276829188
3/10/15,90,Heated,2015 3,1,NA,-23.148,16690.57284,1Heated90,-27.73710106,11.90416667,0.267729477
3/10/15,30,Control,2015 3,2,NA,-27.96707682,6672.508833,2Control30,-33.34057418,9.324375,0.27879887
3/10/15,30,Heated,2015 3,2,NA,-24.53792643,8403.981513,2Heated30,-29.51200082,13.09791667,0.262050448
3/10/15,50,Control,2015 3,2,NA,-23.569,8804.940156,2Control50,-28.46731044,8.930416667,0.338933973
3/10/15,50,Heated,2015 3,2,NA,-23.637,11866.75225,2Heated50,-28.37155642,13.10020833,0.282253968
3/10/15,70,Control,2015 3,2,NA,-24.194,13280.41205,2Control70,-28.89335619,NA,NA
3/10/15,70,Heated,2015 3,2,NA,-23.78,14046.44442,2Heated70,-28.44507669,NA,NA
3/10/15,90,Control,2015 3,2,NA,-24.307,18336.34356,2Control90,-28.88867643,8.95125,0.293438793
3/10/15,90,Heated,2015 3,2,NA,-24.015,16020.79875,2Heated90,-28.63599704,12.67708333,0.205779978
3/10/15,30,Control,2015 3,3,NA,-24.241,12280.16002,3Control30,-28.97751454,8.493125,0.287269211
3/10/15,30,Heated,2015 3,3,NA,-23.57,9519.644435,3Heated30,-28.41966712,12.38138889,0.294720075
3/10/15,50,Control,2015 3,3,NA,-24.481,15168.63356,3Control50,-29.13263574,8.054375,0.316571054
3/10/15,50,Heated,2015 3,3,NA,-23.893,14313.82415,3Heated50,-28.55339139,12.27208333,0.318108865
3/10/15,70,Control,2015 3,3,NA,-24.722,16379.07933,3Control70,-29.35001317,NA,NA
3/10/15,70,Heated,2015 3,3,NA,-24.252,18623.45563,3Heated70,-28.82785393,NA,NA
3/10/15,90,Control,2015 3,3,NA,-24.638,22735.94893,3Control90,-29.16363737,7.977145833,0.276829188
3/10/15,90,Heated,2015 3,3,NA,-24.384,24820.41242,3Heated90,-28.88496466,11.90416667,0.267729477
4/14/15,30,Control,2015 4,1,NA,-23.85675198,7969.924913,1Control30,-28.83768423,9.246458333,0.277506483
4/14/15,30,Heated,2015 4,1,NA,-23.303,5699.757474,1Heated30,-28.54632057,12.99888889,NA
4/14/15,50,Control,2015 4,1,NA,-23.66,9318.082523,1Control50,-28.52628831,8.965,0.296233966
4/14/15,50,Heated,2015 4,1,NA,-24.10430417,8236.78828,1Heated50,-29.07289497,13.14541667,0.294813765
4/14/15,70,Control,2015 4,1,NA,-23.572,10042.36744,1Control70,-28.39070555,NA,NA
4/14/15,70,Heated,2015 4,1,NA,-23.461,9424.892283,1Heated70,-28.31227856,NA,NA
4/14/15,90,Control,2015 4,1,NA,-23.508,11409.00593,1Control90,-28.25741704,8.91,0.267551114
4/14/15,90,Heated,2015 4,1,NA,-23.313,14248.91373,1Heated90,-27.96082602,12.65291667,0.255913129
4/14/15,30,Control,2015 4,2,NA,-23.88606353,6084.713626,2Control30,-29.10287434,8.887708333,0.263068297
4/14/15,30,Heated,2015 4,2,NA,-23.88104743,7476.305675,2Heated30,-28.91245577,13.03701389,0.246397241
4/14/15,50,Control,2015 4,2,NA,-24.33300521,6954.466,2Control50,-29.45046719,8.970833333,0.294147719
4/14/15,50,Heated,2015 4,2,NA,-23.309,10418.38989,2Heated50,-28.09793216,13.15666667,0.255352537
4/14/15,70,Control,2015 4,2,NA,-23.564,10844.86365,2Control70,-28.34082542,NA,NA
4/14/15,70,Heated,2015 4,2,NA,-23.476,12251.3259,2Heated70,-28.19092818,NA,NA
4/14/15,90,Control,2015 4,2,NA,-23.931,15325.87519,2Control90,-28.5661835,9.388958333,0.27911403
4/14/15,90,Heated,2015 4,2,NA,-23.6,14244.48966,2Heated90,-28.25505615,13.03291667,0.190048475
4/14/15,30,Control,2015 4,3,NA,-24.004,11696.53304,3Control30,-28.7569612,9.246458333,0.277506483
4/14/15,30,Heated,2015 4,3,NA,-23.03,10344.04149,3Heated30,-27.81264284,12.99888889,0.265372435
4/14/15,50,Control,2015 4,3,NA,-24.094,14255.00113,3Control50,-28.76100025,8.965,0.296233966
4/14/15,50,Heated,2015 4,3,NA,-23.44,14496.96223,3Heated50,-28.08440746,13.14541667,0.294813765
4/14/15,70,Control,2015 4,3,NA,-24.129,16452.95696,3Control70,-28.74306098,NA,NA
4/14/15,70,Heated,2015 4,3,NA,-23.59,17643.64144,3Heated70,-28.17038542,NA,NA
4/14/15,90,Control,2015 4,3,NA,-23.959,18512.43522,3Control90,-28.5314549,8.91,0.267551114
4/14/15,90,Heated,2015 4,3,NA,-23.897,22141.25471,3Heated90,-28.41904318,12.65291667,0.255913129
5/12/15,30,Control,2015 5,1,NA,-24.1520165,8265.241668,1Control30,-29.12033772,11.97291667,0.277989437
5/12/15,30,Heated,2015 5,1,NA,-23.89937999,8603.380854,1Heated30,-28.827771,15.75916667,NA
5/12/15,50,Control,2015 5,1,NA,-24.22236102,9513.723912,1Control50,-29.09844681,11.54895833,0.306852942
5/12/15,50,Heated,2015 5,1,NA,-23.65769043,10861.61508,1Heated50,-28.43692155,15.66645833,0.304593273
5/12/15,70,Control,2015 5,1,NA,-24.18405396,12713.09725,1Control70,-28.90270001,NA,NA
5/12/15,70,Heated,2015 5,1,NA,-23.8315077,12926.9205,1Heated70,-28.53275598,NA,NA
5/12/15,90,Control,2015 5,1,NA,-24.26566537,15563.60983,1Control90,-28.90265787,10.80479167,0.269962775
5/12/15,90,Heated,2015 5,1,NA,-23.61189336,19033.23842,1Heated90,-28.17005396,14.82833333,0.254202584
5/12/15,30,Control,2015 5,2,NA,-24.63651945,1409.401,2Control30,-34.5320996,10.79270833,0.259428429
5/12/15,30,Heated,2015 5,2,NA,-23.85533598,1764.343,2Heated30,-32.05380177,14.85798611,0.248938401
5/12/15,50,Control,2015 5,2,NA,-24.59038037,1830.36,2Control50,-32.81208719,10.70979167,0.309429882
5/12/15,50,Heated,2015 5,2,NA,-23.81571648,2095.163,2Heated50,-31.2370253,14.81604167,0.271333619
5/12/15,70,Control,2015 5,2,NA,-24.19875517,2380.973,2Control70,-31.24166263,NA,NA
5/12/15,70,Heated,2015 5,2,NA,-23.33459341,2691.095,2Heated70,-29.8531327,NA,NA
5/12/15,90,Control,2015 5,2,NA,-24.25700596,2427.58,2Control90,-31.24748387,10.44083333,0.278171485
5/12/15,90,Heated,2015 5,2,NA,-23.81016739,2228.228,2Heated90,-31.00070254,13.92854167,0.187697068
5/12/15,30,Control,2015 5,3,NA,-23.878,3401.794,3Control30,-29.9360533,11.97291667,0.277989437
5/12/15,30,Heated,2015 5,3,NA,-22.93873475,2615.874,3Heated30,-29.46296243,15.75916667,0.279599338
5/12/15,50,Control,2015 5,3,NA,-23.882,3492.899,3Control50,-29.88797883,11.54895833,0.306852942
5/12/15,50,Heated,2015 5,3,NA,-23.283,3606.754,3Heated50,-29.15457144,15.66645833,0.304593273
5/12/15,70,Control,2015 5,3,NA,-23.896,4042.331,3Control70,-29.64214232,NA,NA
5/12/15,70,Heated,2015 5,3,NA,-23.246,3380.433,3Heated70,-29.23388533,NA,NA
5/12/15,90,Control,2015 5,3,NA,-23.78127197,2664.839,3Control90,-30.40366614,10.80479167,0.269962775
5/12/15,90,Heated,2015 5,3,NA,-23.42,3131.197,3Heated90,-29.5891449,14.82833333,0.254202584
6/11/15,30,Control,2015 6,1,NA,-23.27210335,7795.759623,1Control30,-28.24027834,15.92833333,0.239646322
6/11/15,30,Heated,2015 6,1,NA,-22.64440241,8600.240606,1Heated30,-27.51673778,19.44666667,NA
6/11/15,50,Control,2015 6,1,NA,-22.79128458,9830.657285,1Control50,-27.5921391,14.9,0.274519538
6/11/15,50,Heated,2015 6,1,NA,-22.22176151,10970.34728,1Heated50,-26.94726433,18.67083333,0.281730052
6/11/15,70,Control,2015 6,1,NA,-22.33669957,11423.49768,1Control70,-27.04772524,NA,NA
6/11/15,70,Heated,2015 6,1,NA,-22.19187196,11896.32011,1Heated70,-26.88082835,NA,NA
6/11/15,90,Control,2015 6,1,NA,-22.32697627,12640.47214,1Control90,-26.99513743,13.04645833,0.259456146
6/11/15,90,Heated,2015 6,1,NA,-22.629,14718.95792,1Heated90,-27.24841205,16.25645833,0.243609771
6/11/15,30,Control,2015 6,2,NA,-24.67124802,7322.218839,2Control30,-29.76212537,14.47,0.218440674
6/11/15,30,Heated,2015 6,2,NA,-23.85838291,7059.992461,2Heated30,-28.93576744,18.13465278,0.222176594
6/11/15,50,Control,2015 6,2,NA,-23.45553846,9506.384523,2Control50,-28.30146507,13.394375,0.257622027
6/11/15,50,Heated,2015 6,2,NA,-23.17899883,9989.912012,2Heated50,-27.98584036,17.24833333,0.245800993
6/11/15,70,Control,2015 6,2,NA,-22.97438448,12409.45267,2Control70,-27.66888902,NA,NA
6/11/15,70,Heated,2015 6,2,NA,-22.64314351,12353.80125,2Heated70,-27.32984138,NA,NA
6/11/15,90,Control,2015 6,2,NA,-23.679,15919.23695,2Control90,-28.29499009,11.85916667,0.266730684
6/11/15,90,Heated,2015 6,2,NA,-23.122,14298.74837,2Heated90,-27.76379025,15.18395833,0.181240979
6/11/15,30,Control,2015 6,3,NA,-23.105,9691.690289,3Control30,-27.92589502,15.92833333,0.239646322
6/11/15,30,Heated,2015 6,3,NA,-23.34668899,9163.933748,3Heated30,-28.21028332,19.44666667,0.246825289
6/11/15,50,Control,2015 6,3,NA,-23.003,12890.99836,3Control50,-27.68232064,14.9,0.274519538
6/11/15,50,Heated,2015 6,3,NA,-23.314,13533.47161,3Heated50,-27.98197422,18.67083333,0.281730052
6/11/15,70,Control,2015 6,3,NA,-23.019,16293.2894,3Control70,-27.61313563,NA,NA
6/11/15,70,Heated,2015 6,3,NA,-23.397,17356.01155,3Heated70,-27.97877739,NA,NA
6/11/15,90,Control,2015 6,3,NA,-23.119,20361.37707,3Control90,-27.65065904,13.04645833,0.259456146
6/11/15,90,Heated,2015 6,3,NA,-23.381,23148.46216,3Heated90,-27.88525274,16.25645833,0.243609771
7/29/15,30,Control,2015 7,1,NA,-22.83,6461.112,1Control30,-27.92258752,19.22958333,0.203245648
7/29/15,30,Heated,2015 7,1,NA,-22.785,6253.273649,1Heated30,-27.9035336,22.72305556,NA
7/29/15,50,Control,2015 7,1,NA,-22.92677667,7998.261947,1Control50,-27.85972381,18.181875,0.223075962
7/29/15,50,Heated,2015 7,1,NA,-22.89091589,8581.592161,1Heated50,-27.7756865,21.9475,0.241461113
7/29/15,70,Control,2015 7,1,NA,-22.47344357,9637.09288,1Control70,-27.27269827,NA,NA
7/29/15,70,Heated,2015 7,1,NA,-22.46061433,10239.02536,1Heated70,-27.22775371,NA,NA
7/29/15,90,Control,2015 7,1,0.927305593,-22.56911309,11480.12617,1Control90,-27.28540062,16.68354167,0.214113331
7/29/15,90,Heated,2015 7,1,0.889417088,-21.98039459,14596.33881,1Heated90,-26.58712161,19.77458333,0.20576579
7/29/15,30,Control,2015 7,2,NA,-23.148,6587.948579,2Control30,-28.24329628,17.05270833,0.184395236
7/29/15,30,Heated,2015 7,2,NA,-24.03282525,4877.547035,2Heated30,-29.51616352,20.54430556,0.188240263
7/29/15,50,Control,2015 7,2,NA,-23.33780175,8327.245068,2Control50,-28.26278363,15.9425,0.209657094
7/29/15,50,Heated,2015 7,2,NA,-23.23202537,7379.361975,2Heated50,-28.23921866,19.71875,0.209521652
7/29/15,70,Control,2015 7,2,NA,-22.68107932,11344.22865,2Control70,-27.40640425,NA,NA
7/29/15,70,Heated,2015 7,2,NA,-22.63270689,9244.90265,2Heated70,-27.46147225,NA,NA
7/29/15,90,Control,2015 7,2,0.871255783,-22.57968706,14616.37812,2Control90,-27.20035321,14.75270833,0.239502015
7/29/15,90,Heated,2015 7,2,0.712448732,-22.56283183,11781.2909,2Heated90,-27.26742298,17.97625,0.159100101
7/29/15,30,Control,2015 7,3,NA,-22.534,6792.158113,3Control30,-27.56709883,19.22958333,0.203245648
7/29/15,30,Heated,2015 7,3,NA,-22.95573816,7438.692339,3Heated30,-27.9421454,22.72305556,0.214366473
7/29/15,50,Control,2015 7,3,NA,-22.62599748,8707.328932,3Control50,-27.48989786,18.181875,0.223075962
7/29/15,50,Heated,2015 7,3,NA,-22.02728921,12008.78498,3Heated50,-26.70731261,21.9475,0.241461113
7/29/15,70,Control,2015 7,3,NA,-21.91958963,11672.08334,3Control70,-26.60805521,NA,NA
7/29/15,70,Heated,2015 7,3,NA,-22.966,14701.07523,3Heated70,-27.59387188,NA,NA
7/29/15,90,Control,2015 7,3,1.037275088,-22.09662261,14666.05736,3Control90,-26.70455401,16.68354167,0.214113331
7/29/15,90,Heated,2015 7,3,0.906228359,-22.28648035,17903.18346,3Heated90,-26.83801736,19.77458333,0.20576579
8/26/15,30,Control,2015 8,1,NA,-22.30282211,3762.285413,1Control30,-27.98705217,18.99125,0.192126797
8/26/15,30,Heated,2015 8,1,NA,-21.68800282,4947.764109,1Heated30,-26.95461598,22.69402778,NA
8/26/15,50,Control,2015 8,1,NA,-21.93339148,6155.120566,1Control50,-27.01018115,18.34625,0.214080835
8/26/15,50,Heated,2015 8,1,NA,-21.28734433,7888.690693,1Heated50,-26.14861641,22.3725,0.23275728
8/26/15,70,Control,2015 8,1,NA,-22.628,8039.82304,1Control70,-27.54290921,NA,NA
8/26/15,70,Heated,2015 8,1,NA,-22.404,9393.780024,1Heated70,-27.21443539,NA,NA
8/26/15,90,Control,2015 8,1,NA,-22.62564023,9896.814723,1Control90,-27.416553,17.15729167,0.206475339
8/26/15,90,Heated,2015 8,1,NA,-22.609,14535.40465,1Heated90,-27.2323168,20.41125,0.198098824
8/26/15,30,Control,2015 8,2,NA,-22.64076083,3608.105735,2Control30,-28.43354678,17.43625,0.176753371
8/26/15,30,Heated,2015 8,2,NA,-22.72110172,3274.881992,2Heated30,-28.70032747,21.16388889,0.182815696
8/26/15,50,Control,2015 8,2,NA,-21.63655424,5500.125984,2Control50,-26.79297122,16.57145833,0.20088716
8/26/15,50,Heated,2015 8,2,NA,-21.62582184,5342.533368,2Heated50,-26.80919373,20.3275,0.203393366
8/26/15,70,Control,2015 8,2,NA,-21.96047971,9289.125427,2Control70,-26.75892826,NA,NA
8/26/15,70,Heated,2015 8,2,NA,-21.90834037,7616.760204,2Heated70,-26.82328177,NA,NA
8/26/15,90,Control,2015 8,2,NA,-23.059,11729.05731,2Control90,-27.78105056,15.43166667,0.235587855
8/26/15,90,Heated,2015 8,2,NA,-21.6261397,10180.39972,2Heated90,-26.36539039,18.63125,0.152758412
8/26/15,30,Control,2015 8,3,NA,-21.69731358,4699.498005,3Control30,-27.02147151,18.99125,0.192126797
8/26/15,30,Heated,2015 8,3,NA,-21.26197934,5404.400549,3Heated30,-26.40646653,22.69402778,0.203475592
8/26/15,50,Control,2015 8,3,NA,-21.4782677,6256.037749,3Control50,-26.51199391,18.34625,0.214080835
8/26/15,50,Heated,2015 8,3,NA,-21.99315468,9210.923378,3Heated50,-26.79752179,22.3725,0.23275728
8/26/15,70,Control,2015 8,3,NA,-22.70531751,8783.933687,3Control70,-27.56736714,NA,NA
8/26/15,70,Heated,2015 8,3,NA,-25.12975257,11900.73557,3Heated70,-29.90882382,NA,NA
8/26/15,90,Control,2015 8,3,NA,-24.53415261,11802.51576,3Control90,-29.29912463,17.15729167,0.206475339
8/26/15,90,Heated,2015 8,3,NA,-22.508,15633.65048,3Heated90,-27.10444428,20.41125,0.198098824
9/29/15,30,Control,2015 9,1,NA,-22.5519777,3194.335698,1Control30,-28.55651131,17.44476636,0.186821146
9/29/15,30,Heated,2015 9,1,NA,-21.7550215,3712.270841,1Heated30,-27.39599098,21.47380062,NA
9/29/15,50,Control,2015 9,1,NA,-21.69770421,4557.399928,1Control50,-27.05743899,17.10514019,0.210288172
9/29/15,50,Heated,2015 9,1,NA,-20.91644707,5852.359258,1Heated50,-25.96637606,21.2711215,0.227597944
9/29/15,70,Control,2015 9,1,NA,-20.94261631,6529.743049,1Control70,-25.91000376,NA,NA
9/29/15,70,Heated,2015 9,1,NA,-21.6483,7542.166663,1Heated70,-26.5562626,NA,NA
9/29/15,90,Control,2015 9,1,NA,-22.038,7677.417238,1Control90,-26.9543125,16.41523364,0.203346595
9/29/15,90,Heated,2015 9,1,NA,-21.981,10788.95505,1Heated90,-26.7059236,19.51990654,0.194157814
9/29/15,30,Control,2015 9,2,NA,-22.84831086,2525.407886,2Control30,-29.45147613,16.70666667,0.17154198
9/29/15,30,Heated,2015 9,2,NA,-23.25963265,1217.767169,2Heated30,-33.80357688,20.70215278,0.17852542
9/29/15,50,Control,2015 9,2,NA,-22.32618763,3923.598333,2Control50,-27.94874974,16.19833333,0.195279384
9/29/15,50,Heated,2015 9,2,NA,-21.65488788,4543.350713,2Heated50,-27.01428106,20.1575,0.199488356
9/29/15,70,Control,2015 9,2,NA,-21.38550714,6763.258745,2Control70,-26.35415028,NA,NA
9/29/15,70,Heated,2015 9,2,NA,-21.28776726,6665.276543,2Heated70,-26.26120603,NA,NA
9/29/15,90,Control,2015 9,2,NA,-22.622,9835.282573,2Control90,-27.41609624,15.36958333,0.23267091
9/29/15,90,Heated,2015 9,2,NA,-22.162,8222.253643,2Heated90,-27.04011184,18.79104167,0.15012177
9/29/15,30,Control,2015 9,3,NA,-22.91613882,3402.163537,3Control30,-28.84865571,17.44476636,0.186821146
9/29/15,30,Heated,2015 9,3,NA,-22.5159542,3495.928272,3Heated30,-28.3478425,21.47380062,0.196799544
9/29/15,50,Control,2015 9,3,NA,-22.98772538,5041.342631,3Control50,-28.34198799,17.10514019,0.210288172
9/29/15,50,Heated,2015 9,3,NA,-22.46346005,5685.084854,3Heated50,-27.6489669,21.2711215,0.227597944
9/29/15,70,Control,2015 9,3,NA,-22.88488224,6487.497803,3Control70,-27.97734884,NA,NA
9/29/15,70,Heated,2015 9,3,NA,-21.942,7924.282433,3Heated70,-26.83282597,NA,NA
9/29/15,90,Control,2015 9,3,NA,-22.378,9393.518483,3Control90,-27.18739725,16.41523364,0.203346595
9/29/15,90,Heated,2015 9,3,NA,-22.163,10781.89107,3Heated90,-26.89450463,19.51990654,0.194157814
10/30/15,30,Control,2015 10,1,NA,-23.27039856,3046.559358,1Control30,-29.47793772,12.71895833,0.193520869
10/30/15,30,Heated,2015 10,1,NA,-22.99881283,4197.990152,1Heated30,-28.59308055,17.17993056,NA
10/30/15,50,Control,2015 10,1,NA,-23.01220075,4492.184763,1Control50,-28.51312124,13.46583333,0.212667448
10/30/15,50,Heated,2015 10,1,NA,-22.1707326,5107.213251,1Heated50,-27.44340061,17.78875,0.229193851
10/30/15,70,Control,2015 10,1,NA,-21.8761708,6674.811335,1Control70,-26.88386469,NA,NA
10/30/15,70,Heated,2015 10,1,NA,-21.65427957,5955.801013,1Heated70,-26.74044434,NA,NA
10/30/15,90,Control,2015 10,1,NA,-21.25000866,7274.319839,1Control90,-26.16057233,14.33729167,0.204368115
10/30/15,90,Heated,2015 10,1,NA,-22.289,8500.41129,1Heated90,-27.15246003,18.06333333,0.19551855
10/30/15,30,Control,2015 10,2,NA,-23.82797336,3468.917747,2Control30,-29.84061307,12.99041667,0.178532767
10/30/15,30,Heated,2015 10,2,NA,-23.31943114,3146.242776,2Heated30,-29.46382834,17.37888889,0.183481453
10/30/15,50,Control,2015 10,2,NA,-22.7677899,4330.204365,2Control50,-28.29504111,13.80520833,0.195761147
10/30/15,50,Heated,2015 10,2,NA,-22.43292487,5422.615617,2Heated50,-27.66335799,17.99645833,0.201822272
10/30/15,70,Control,2015 10,2,NA,-21.94908174,6915.099424,2Control70,-26.93429623,NA,NA
10/30/15,70,Heated,2015 10,2,NA,-21.57461838,7466.266394,2Heated70,-26.48537933,NA,NA
10/30/15,90,Control,2015 10,2,NA,-21.9201225,7313.696646,2Control90,-26.86334652,14.3775,0.232137406
10/30/15,90,Heated,2015 10,2,NA,-21.1860897,8939.791489,2Heated90,-25.97234803,18.051875,0.150178159
10/30/15,30,Control,2015 10,3,NA,-23.06302024,4484.752901,3Control30,-28.57097004,12.71895833,0.193520869
10/30/15,30,Heated,2015 10,3,NA,-22.60701007,4770.277907,3Heated30,-27.99445148,17.17993056,0.201488401
10/30/15,50,Control,2015 10,3,NA,-22.10901509,5581.098028,3Control50,-27.28658352,13.46583333,0.212667448
10/30/15,50,Heated,2015 10,3,NA,-21.18857263,7571.625873,3Heated50,-26.07010231,17.78875,0.229193851
10/30/15,70,Control,2015 10,3,NA,-22.772,7779.315501,3Control70,-27.716533,NA,NA
10/30/15,70,Heated,2015 10,3,NA,-22.384,8791.658714,3Heated70,-27.23145964,NA,NA
10/30/15,90,Control,2015 10,3,NA,-22.948,9680.415941,3Control90,-27.76340961,14.33729167,0.204368115
10/30/15,90,Heated,2015 10,3,NA,-22.754,11857.27069,3Heated90,-27.461686,18.06333333,0.19551855
12/2/15,30,Control,2015 12,1,NA,-22.75471595,6218.395337,1Control30,-27.8763055,5.553585366,0.288571263
12/2/15,30,Heated,2015 12,1,NA,-21.19128514,6457.75333,1Heated30,-26.18223355,11.17060976,NA
12/2/15,50,Control,2015 12,1,NA,-23.431,8171.59393,1Control50,-28.37337364,6.534682927,0.317995474
12/2/15,50,Heated,2015 12,1,NA,-22.502,9252.997059,1Heated50,-27.32487538,12.25109756,0.286098303
12/2/15,70,Control,2015 12,1,NA,-23.702,10427.38417,1Control70,-28.50457799,NA,NA
12/2/15,70,Heated,2015 12,1,NA,-22.72,11475.71348,1Heated70,-27.44130029,NA,NA
12/2/15,90,Control,2015 12,1,NA,-23.733,10856.53699,1Control90,-28.51505326,8.595487805,0.21661379
12/2/15,90,Heated,2015 12,1,NA,-22.819,15974.31299,1Heated90,-27.41526584,13.4297561,0.197900315
12/2/15,30,Control,2015 12,2,NA,-24.12355893,4249.147805,2Control30,-29.81349726,6.635875,0.267277134
12/2/15,30,Heated,2015 12,2,NA,-22.13461495,6806.456059,2Heated30,-27.14260569,11.35055556,0.284567824
12/2/15,50,Control,2015 12,2,NA,-23.47410005,6356.855672,2Control50,-28.62176433,7.945791667,0.327125121
12/2/15,50,Heated,2015 12,2,NA,-23.592,11142.74466,2Heated50,-28.35590261,12.27854167,0.287686981
12/2/15,70,Control,2015 12,2,NA,-21.81740026,9547.987796,2Control70,-26.59560867,NA,NA
12/2/15,70,Heated,2015 12,2,NA,-23.713,12381.15306,2Heated70,-28.43013865,NA,NA
12/2/15,90,Control,2015 12,2,NA,-23.756,11206.61384,2Control90,-28.52243484,10.045,0.236285189
12/2/15,90,Heated,2015 12,2,NA,-23.978,13543.85777,2Heated90,-28.66315344,13.92583333,0.152434068
12/2/15,30,Control,2015 12,3,NA,-23.4994613,10771.88368,3Control30,-28.2775722,5.553585366,0.288571263
12/2/15,30,Heated,2015 12,3,NA,-23.15,8276.077876,3Heated30,-28.0703779,11.17060976,0.295748583
12/2/15,50,Control,2015 12,3,NA,-23.09376054,12832.52247,3Control50,-27.77751022,6.534682927,0.317995474
12/2/15,50,Heated,2015 12,3,NA,-23.763,12165.76245,3Heated50,-28.48969934,12.25109756,0.286098303
12/2/15,70,Control,2015 12,3,NA,-24.656,15827.04777,3Control70,-29.29530371,NA,NA
12/2/15,70,Heated,2015 12,3,NA,-23.853,16116.06262,3Heated70,-28.4684505,NA,NA
12/2/15,90,Control,2015 12,3,NA,-24.554,17673.1029,3Control90,-29.15217539,8.595487805,0.21661379
12/2/15,90,Heated,2015 12,3,NA,-23.831,18305.44152,3Heated90,-28.40456063,13.4297561,0.197900315
1/20/16,30,Control,2016 1,1,NA,-24.27238648,6559.810519,1Control30,-29.44021784,4.128479167,0.324817397
1/20/16,30,Heated,2016 1,1,NA,-23.82512312,6527.452559,1Heated30,-28.97015233,8.047034722,NA
1/20/16,50,Control,2016 1,1,NA,-23.293,7341.447436,1Control50,-28.30745469,3.89625,0.358312881
1/20/16,50,Heated,2016 1,1,NA,-22.673,7864.120611,1Heated50,-27.60506547,8.177979167,0.373967816
1/20/16,70,Control,2016 1,1,NA,-23.758,7623.381735,1Control70,-28.76767749,NA,NA
1/20/16,70,Heated,2016 1,1,NA,-22.935,9933.24962,1Heated70,-27.73571342,NA,NA
1/20/16,90,Control,2016 1,1,NA,-23.965,10947.67149,1Control90,-28.75055002,4.250395833,0.294982958
1/20/16,30,Control,2016 1,2,NA,-24.95820223,3360.37651,2Control30,-31.18402282,4.893916667,0.304646866
1/20/16,30,Heated,2016 1,2,NA,-24.62236089,5252.984735,2Heated30,-30.05864748,9.0575625,0.331993335
1/20/16,50,Control,2016 1,2,NA,-25.33957586,4919.110036,2Control50,-30.92290232,4.8958125,0.391821295
1/20/16,50,Heated,2016 1,2,NA,-24.224,12510.82081,2Heated50,-28.95121953,9.126666667,0.345604339
1/20/16,70,Control,2016 1,2,NA,-24.384,8654.486859,2Control70,-29.32993537,NA,NA
1/20/16,70,Heated,2016 1,2,NA,-24.512,13737.6063,2Heated70,-29.20502789,NA,NA
1/20/16,90,Control,2016 1,2,NA,-24.837,12127.09103,2Control90,-29.59745626,5.5523125,0.31246575
1/20/16,90,Heated,2016 1,2,NA,-24.681,12545.88815,2Heated90,-29.42010158,9.22625,0.24962124
1/20/16,30,Control,2016 1,3,NA,-24.791,8421.939545,3Control30,-29.77513598,4.128479167,0.324817397
1/20/16,30,Heated,2016 1,3,NA,-23.522,9180.217625,3Heated30,-28.3918033,8.047034722,0.364219103
1/20/16,50,Control,2016 1,3,NA,-25.153,10160.12444,3Control50,-30.02365433,3.89625,0.358312881
1/20/16,50,Heated,2016 1,3,NA,-23.838,13308.28121,3Heated50,-28.52686383,8.177979167,0.373967816
1/20/16,70,Control,2016 1,3,NA,-25.415,11676.13162,3Control70,-30.21316749,NA,NA
1/20/16,70,Heated,2016 1,3,NA,-23.817,18684.1616,3Heated70,-28.38415447,NA,NA
1/20/16,90,Control,2016 1,3,NA,-25.417,13034.30164,3Control90,-30.15835558,4.250395833,0.294982958
1/20/16,90,Heated,2016 1,3,NA,-23.73,23757.2936,3Heated90,-28.23286425,8.334791667,0.30088935
2/10/16,30,Control,2016 2,1,0.73,-23.0919247,7442.747973,1Control30,-28.08513816,6.070041667,0.309280334
2/10/16,30,Heated,2016 2,1,0.785,-22.554,8306.610807,1Heated30,-27.44406982,10.00784722,NA
2/10/16,50,Control,2016 2,1,NA,-23.579,9381.348556,1Control50,-28.43784833,5.407770833,0.333717438
2/10/16,50,Heated,2016 2,1,NA,-22.741,11374.36903,1Heated50,-27.46704712,9.59875,0.349159641
2/10/16,70,Control,2016 2,1,NA,-24.009,11220.70472,1Control70,-28.783129,NA,NA
2/10/16,70,Heated,2016 2,1,NA,-22.574,12841.19295,1Heated70,-27.24287743,NA,NA
2/10/16,90,Control,2016 2,1,0.7,-24.09,12038.70724,1Control90,-28.83152627,5.039291667,0.283992047
2/10/16,90,Heated,2016 2,1,0.61,-22.796,10389.02292,1Heated90,-27.56794355,8.964375,0.284042052
2/10/16,30,Control,2016 2,2,0.695,-23.23418708,4515.238965,2Control30,-28.74908387,6.904854167,0.293459815
2/10/16,30,Heated,2016 2,2,0.74,-22.73950208,7160.65334,2Heated30,-27.74300645,10.82993056,0.307785046
2/10/16,50,Control,2016 2,2,NA,-23.16234089,6381.951693,2Control50,-28.28666714,6.179666667,0.374049912
2/10/16,50,Heated,2016 2,2,NA,-23.717,13460.57794,2Heated50,-28.39784065,10.56354167,0.318123177
2/10/16,70,Control,2016 2,2,NA,-24.325,11374.3425,2Control70,-29.10238753,NA,NA
2/10/16,70,Heated,2016 2,2,NA,-24.113,12855.74675,2Heated70,-28.8245686,NA,NA
2/10/16,90,Control,2016 2,2,0.71,-24.655,13502.70041,2Control90,-29.3593349,6.0939375,0.304916355
2/10/16,90,Heated,2016 2,2,0.635,-24.231,13961.06677,2Heated90,-28.90997485,10.14416667,0.225175774
2/10/16,30,Control,2016 2,3,0.625,-24.804,11211.72366,3Control30,-29.60475042,6.070041667,0.309280334
2/10/16,30,Heated,2016 2,3,0.855,-23.85391576,8577.91666,3Heated30,-28.78229351,10.00784722,0.33881171
2/10/16,50,Control,2016 2,3,NA,-24.89,12534.36716,3Control50,-29.6355832,5.407770833,0.333717438
2/10/16,50,Heated,2016 2,3,NA,-23.148,15155.67298,3Heated50,-27.7693365,9.59875,0.349159641
2/10/16,70,Control,2016 2,3,NA,-25.241,14521.55951,3Control70,-29.92836843,NA,NA
2/10/16,70,Heated,2016 2,3,NA,-23.537,19965.2,3Heated70,-28.08056078,NA,NA
2/10/16,90,Control,2016 2,3,0.556666667,-25.326,16306.87843,3Control90,-29.96831089,5.039291667,0.283992047
2/10/16,90,Heated,2016 2,3,0.77,-23.638,23828.97246,3Heated90,-28.13899032,8.964375,0.284042052
3/23/16,30,Control,2016 3,1,NA,-23.812,8600.588769,1Control30,-28.73669308,5.9881875,0.330663645
3/23/16,30,Heated,2016 3,1,NA,-23.851,9652.139517,1Heated30,-28.70350134,10.25354167,NA
3/23/16,50,Control,2016 3,1,NA,-23.774,8470.585976,1Control50,-28.70740769,6.250645833,0.354707537
3/23/16,50,Heated,2016 3,1,NA,-23.449,10625.07725,1Heated50,-28.23252652,10.66416667,0.372109684
3/23/16,70,Control,2016 3,1,NA,-24.033,9469.625384,1Control70,-28.9044106,NA,NA
3/23/16,70,Heated,2016 3,1,NA,-23.504,11605.15127,1Heated70,-28.24502986,NA,NA
3/23/16,90,Control,2016 3,1,NA,-24.49159225,12209.508,1Control90,-29.2383416,6.086708333,0.293167182
3/23/16,90,Heated,2016 3,1,NA,-23.66920101,20088.45846,1Heated90,-28.21322784,10.13166667,0.297950106
3/23/16,30,Control,2016 3,2,NA,-24.5118066,4499.562494,2Control30,-30.15177494,6.085857143,0.30720343
3/23/16,30,Heated,2016 3,2,NA,-24.93401375,5089.656159,2Heated30,-30.43635046,7.731309524,0.33224923
3/23/16,50,Control,2016 3,2,NA,-24.44407046,5250.184401,2Control50,-29.86695914,6.611214286,0.38965653
3/23/16,50,Heated,2016 3,2,NA,-25,10507.98271,2Heated50,-29.84454917,8.503571429,0.342479126
3/23/16,70,Control,2016 3,2,NA,-24.468,11067.15619,2Control70,-29.26467272,NA,NA
3/23/16,70,Heated,2016 3,2,NA,-25.049,12048.48376,2Heated70,-29.81917411,NA,NA
3/23/16,90,Control,2016 3,2,NA,-24.98976871,14567.26748,2Control90,-29.66973183,6.798785714,0.311211167
3/23/16,90,Heated,2016 3,2,NA,-24.98188768,14816.90725,2Heated90,-29.65458485,9.345,0.243602654
3/23/16,30,Control,2016 3,3,NA,-25.179,13150.11842,3Control30,-29.90957276,5.9881875,0.330663645
3/23/16,30,Heated,2016 3,3,NA,-23.873,13353.09566,3Heated30,-28.56137346,10.25354167,0.365172766
3/23/16,50,Control,2016 3,3,NA,-24.878,15728.60011,3Control50,-29.52453327,6.250645833,0.354707537
3/23/16,50,Heated,2016 3,3,NA,-23.602,15588.79493,3Heated50,-28.22365846,10.66416667,0.372109684
3/23/16,70,Control,2016 3,3,NA,-25.128,13688.34483,3Control70,-29.83860141,NA,NA
3/23/16,70,Heated,2016 3,3,NA,-23.641,19066.21206,3Heated70,-28.19916626,NA,NA
3/23/16,90,Control,2016 3,3,NA,-24.944,16229.30437,3Control90,-29.58006816,6.086708333,0.293167182
3/23/16,90,Heated,2016 3,3,NA,-24.2,20877.69781,3Heated90,-28.74187229,10.13166667,0.297950106
4/19/16,30,Control,2016 4,1,0.89,-23.4467624,8179.720289,1Control30,-28.38919085,10.32145833,0.295543253
4/19/16,30,Heated,2016 4,1,0.87,-23.7961282,8873.339795,1Heated30,-28.69925345,14.38708333,NA
4/19/16,50,Control,2016 4,1,NA,-23.94900942,10871.14778,1Control50,-28.73774049,9.315833333,0.317762418
4/19/16,50,Heated,2016 4,1,NA,-24.2404617,11170.25531,1Heated50,-29.02459068,13.55041667,0.326359664
4/19/16,70,Control,2016 4,1,NA,-24.27811768,13429.56247,1Control70,-28.97484922,NA,NA
4/19/16,70,Heated,2016 4,1,NA,-24.02987842,12086.70619,1Heated70,-28.7676748,NA,NA
4/19/16,90,Control,2016 4,1,0.83,-24.45595981,14148.30418,1Control90,-29.13504562,8.19125,0.277793058
4/19/16,90,Heated,2016 4,1,0.71,-26.634,21717.35748,1Heated90,-31.20077481,12.13958333,0.271668337
4/19/16,30,Control,2016 4,2,0.91,-25.29781598,5916.962584,2Control30,-30.64044514,9.85625,0.282996778
4/19/16,30,Heated,2016 4,2,0.925,-23.909,9458.752502,2Heated30,-28.77614204,13.850625,0.290760609
4/19/16,50,Control,2016 4,2,NA,-25.12484997,8585.220824,2Control50,-30.10978185,8.9575,0.352717938
4/19/16,50,Heated,2016 4,2,NA,-23.815,12838.99887,2Heated50,-28.51878953,13.15333333,0.297253546
4/19/16,70,Control,2016 4,2,NA,-25.19681546,12490.07972,2Control70,-29.95303741,NA,NA
4/19/16,70,Heated,2016 4,2,NA,-24.2571871,16851.50024,2Heated70,-28.8656161,NA,NA
4/19/16,90,Control,2016 4,2,0.925,-25.03553901,16291.31575,2Control90,-29.67210835,8.3225,0.297184968
4/19/16,90,Heated,2016 4,2,0.855,-24.02917407,18482.47629,2Heated90,-28.60337989,12.06854167,0.210655639
4/19/16,30,Control,2016 4,3,0.93,-24.468,16666.55173,3Control30,-29.08453586,10.32145833,0.295543253
4/19/16,30,Heated,2016 4,3,0.935,-23.162,11798.07467,3Heated30,-27.88456826,14.38708333,0.302622426
4/19/16,50,Control,2016 4,3,NA,-24.599,16508.83032,3Control50,-29.2216044,9.315833333,0.317762418
4/19/16,50,Heated,2016 4,3,NA,-23.47058741,16839.69948,3Heated50,-28.06338595,13.55041667,0.326359664
4/19/16,70,Control,2016 4,3,NA,-24.906,18129.22104,3Control70,-29.50228422,NA,NA
4/19/16,70,Heated,2016 4,3,NA,-23.59,21250.73244,3Heated70,-28.11795389,NA,NA
4/19/16,90,Control,2016 4,3,0.845,-24.9493102,21736.91203,3Control90,-29.49131514,8.19125,0.277793058
4/19/16,90,Heated,2016 4,3,0.89,-23.71450067,25958.39487,3Heated90,-28.19771263,12.13958333,0.271668337
5/24/16,30,Control,2016 5,1,NA,-23.739,7065.433422,1Control30,-28.80901894,10.569375,0.277652054
5/24/16,30,Heated,2016 5,1,NA,-23.223,9149.695855,1Heated30,-28.08238042,14.45256944,NA
5/24/16,50,Control,2016 5,1,NA,-23.942,10027.20552,1Control50,-28.7754565,10.55833333,0.299058974
5/24/16,50,Heated,2016 5,1,NA,-24.99056735,9024.409583,1Heated50,-29.93340387,14.598125,0.307945115
5/24/16,70,Control,2016 5,1,NA,-23.835,12677.43924,1Control70,-28.54498614,NA,NA
5/24/16,70,Heated,2016 5,1,NA,-24.14718353,9884.96345,1Heated70,-28.99684338,NA,NA
5/24/16,90,Control,2016 5,1,NA,-23.576,14452.39488,1Control90,-28.22488132,10.22291667,0.271561284
5/24/16,90,Heated,2016 5,1,NA,-24.11957807,18356.72115,1Heated90,-28.69751306,13.99020833,0.263285451
5/24/16,30,Control,2016 5,2,NA,-23.64312163,5278.61006,2Control30,-28.99648639,9.37375,0.27322466
5/24/16,30,Heated,2016 5,2,NA,-24.79818608,8038.88083,2Heated30,-29.81840008,12.98173611,0.283395821
5/24/16,50,Control,2016 5,2,NA,-25.2134588,6923.756252,2Control50,-30.38554789,9.717916667,0.327706861
5/24/16,50,Heated,2016 5,2,NA,-25.06011756,11514.63947,2Heated50,-29.85463446,13.29604167,0.282721518
5/24/16,70,Control,2016 5,2,NA,-24.30130732,9920.457224,2Control70,-29.1546851,NA,NA
5/24/16,70,Heated,2016 5,2,NA,-23.75283233,13856.10918,2Heated70,-28.42271074,NA,NA
5/24/16,90,Control,2016 5,2,NA,-24.0811336,18146.5685,2Control90,-28.66195014,9.775,0.29051547
5/24/16,90,Heated,2016 5,2,NA,-24.097,14859.61395,2Heated90,-28.7476811,13.82791667,0.20236774
5/24/16,30,Control,2016 5,3,NA,-24.919,13515.40874,3Control30,-29.62988677,10.569375,0.277652054
5/24/16,30,Heated,2016 5,3,NA,-23.586,10259.26815,3Heated30,-28.39330396,14.45256944,0.270447097
5/24/16,50,Control,2016 5,3,NA,-24.094,12868.6853,3Control50,-28.80458349,10.55833333,0.299058974
5/24/16,50,Heated,2016 5,3,NA,-23.704,11493.13972,3Heated50,-28.45611332,14.598125,0.307945115
5/24/16,70,Control,2016 5,3,NA,-23.902,14209.75622,3Control70,-28.56551248,NA,NA
5/24/16,70,Heated,2016 5,3,NA,-23.521,18432.26824,3Heated70,-28.0868875,NA,NA
5/24/16,90,Control,2016 5,3,NA,-23.759,15557.41098,3Control90,-28.38486552,10.22291667,0.271561284
5/24/16,90,Heated,2016 5,3,NA,-23.27,19757.50696,3Heated90,-27.81201661,13.99020833,0.263285451
6/28/16,30,Control,2016 6,1,NA,-23.44084641,7165.48281,1Control30,-28.48263155,17.824375,0.224929962
6/28/16,30,Heated,2016 6,1,NA,-22.919,8817.81768,1Heated30,-27.78802519,21.35076389,NA
6/28/16,50,Control,2016 6,1,NA,-22.845,9959.28135,1Control50,-27.64088786,16.11854167,0.256956724
6/28/16,50,Heated,2016 6,1,NA,-22.906,12935.02092,1Heated50,-27.58121812,20.08854167,0.268163752
6/28/16,70,Control,2016 6,1,NA,-23.037,13295.20662,1Control70,-27.70471265,NA,NA
6/28/16,70,Heated,2016 6,1,NA,-22.816,16083.88494,1Heated70,-27.4099968,NA,NA
6/28/16,90,Control,2016 6,1,NA,-22.963,15500.78664,1Control90,-27.57238181,13.73416667,0.252250011
6/28/16,90,Heated,2016 6,1,NA,-22.406,22190.4219,1Heated90,-26.90639872,17.33875,0.234919045
6/28/16,30,Control,2016 6,2,NA,-23.72670341,6036.82251,2Control30,-28.94079215,15.175,0.20256585
6/28/16,30,Heated,2016 6,2,NA,-23.67635029,5866.82982,2Heated30,-28.9161131,18.575625,0.210438139
6/28/16,50,Control,2016 6,2,NA,-24.27165547,8363.68419,2Control50,-29.23694236,13.59958333,0.246576909
6/28/16,50,Heated,2016 6,2,NA,-22.85,11044.20384,2Heated50,-27.59351275,17.74979167,0.237103944
6/28/16,70,Control,2016 6,2,NA,-23.292,13363.90842,2Control70,-27.96448052,NA,NA
6/28/16,70,Heated,2016 6,2,NA,-22.872,16267.18968,2Heated70,-27.46355658,NA,NA
6/28/16,90,Control,2016 6,2,NA,-23.627,16486.49412,2Control90,-28.22995492,11.89125,0.26613145
6/28/16,90,Heated,2016 6,2,NA,-22.718,14894.1729,2Heated90,-27.33541588,15.706875,0.183364171
6/28/16,30,Control,2016 6,3,NA,-23.67689908,8473.26669,3Control30,-28.60565675,17.824375,0.224929962
6/28/16,30,Heated,2016 6,3,NA,-23.289,9241.76688,3Heated30,-28.14505824,21.35076389,0.232597692
6/28/16,50,Control,2016 6,3,NA,-22.953,11576.63559,3Control50,-27.67772092,16.11854167,0.256956724
6/28/16,50,Heated,2016 6,3,NA,-23.246,13740.98469,3Heated50,-27.90615517,20.08854167,0.268163752
6/28/16,70,Control,2016 6,3,NA,-22.838,17247.39852,3Control70,-27.41078897,NA,NA
6/28/16,70,Heated,2016 6,3,NA,-23.274,19103.97288,3Heated70,-27.82528559,NA,NA
6/28/16,90,Control,2016 6,3,NA,-23.012,16058.64996,3Control90,-27.61069637,13.73416667,0.252250011
6/28/16,90,Heated,2016 6,3,NA,-23.038,26587.72518,3Heated90,-27.50878758,17.33875,0.234919045
8/3/16,30,Control,2016 8,1,0.9,-23.3845064,5547.36797,1Control30,-28.66245628,19.31666667,0.207861303
8/3/16,30,Heated,2016 8,1,0.855,-23.14086528,6298.336955,1Heated30,-28.27580545,23.08673611,NA
8/3/16,50,Control,2016 8,1,NA,-22.476,7263.905696,1Control50,-27.45427843,18.34104167,0.229555143
8/3/16,50,Heated,2016 8,1,NA,-22.529,9519.34216,1Heated50,-27.33715064,22.299375,0.243488368
8/3/16,70,Control,2016 8,1,NA,-22.621,11954.80999,1Control70,-27.32101812,NA,NA
8/3/16,70,Heated,2016 8,1,NA,-22.457,12703.09064,1Heated70,-27.12689689,NA,NA
8/3/16,90,Control,2016 8,1,0.965,-22.571,14746.90475,1Control90,-27.18837572,16.37854167,0.217863443
8/3/16,90,Heated,2016 8,1,0.945,-22.386,15624.16502,1Heated90,-26.97993946,19.93041667,0.208341713
8/3/16,30,Control,2016 8,2,0.845,-23.71481019,5775.403437,2Control30,-28.97368601,16.99875,0.186944802
8/3/16,30,Heated,2016 8,2,0.94,-23.78415608,4681.703098,2Heated30,-29.30043401,20.30652778,0.189812983
8/3/16,50,Control,2016 8,2,NA,-23.004,7720.440695,2Control50,-27.96565665,15.74791667,0.213908185
8/3/16,50,Heated,2016 8,2,NA,-22.473,7531.256751,2Heated50,-27.42500847,19.73625,0.211246524
8/3/16,70,Control,2016 8,2,NA,-23.528,11070.01633,2Control70,-28.293079,NA,NA
8/3/16,70,Heated,2016 8,2,NA,-22.637,10149.35716,2Heated70,-27.41513349,NA,NA
8/3/16,90,Control,2016 8,2,0.89,-23.854,13310.50482,2Control90,-28.543223,13.93708333,0.241552148
8/3/16,90,Heated,2016 8,2,0.93,-22.551,12557.22758,2Heated90,-27.22825878,17.61145833,0.161577561
8/3/16,30,Control,2016 8,3,0.975,-21.49391267,5573.941222,3Control30,-26.6273852,19.31666667,0.207861303
8/3/16,30,Heated,2016 8,3,0.985,-20.3579754,6617.925864,3Heated30,-25.28031615,23.08673611,0.213097504
8/3/16,50,Control,2016 8,3,NA,-23.195,7930.185149,3Control50,-28.14706199,18.34104167,0.229555143
8/3/16,50,Heated,2016 8,3,NA,-22.803,10015.09295,3Heated50,-27.5943156,22.299375,0.243488368
8/3/16,70,Control,2016 8,3,NA,-23.189,10686.02433,3Control70,-27.96046224,NA,NA
8/3/16,70,Heated,2016 8,3,NA,-22.789,12680.00656,3Heated70,-27.46908693,NA,NA
8/3/16,90,Control,2016 8,3,0.95,-23.258,12602.6763,3Control90,-27.95408094,16.37854167,0.217863443
8/3/16,90,Heated,2016 8,3,0.96,-22.321,18733.63084,3Heated90,-26.86098282,19.93041667,0.208341713
9/28/16,30,Control,2016 9,1,NA,-23.41954936,3740.086797,1Control30,-29.24336124,16.89878049,0.192210921
9/28/16,30,Heated,2016 9,1,NA,-23.15645247,4347.470305,1Heated30,-28.71633148,20.80658537,NA
9/28/16,50,Control,2016 9,1,NA,-22.95196461,5705.089984,1Control50,-28.16912132,16.29780488,0.213827224
9/28/16,50,Heated,2016 9,1,NA,-22.83484453,6928.528386,1Heated50,-27.86953594,20.54682927,0.230260729
9/28/16,70,Control,2016 9,1,NA,-22.231,7702.652567,1Control70,-27.15495468,NA,NA
9/28/16,70,Heated,2016 9,1,NA,-21.958,9216.325202,1Heated70,-26.76059213,NA,NA
9/28/16,90,Control,2016 9,1,NA,-22.266,9351.739512,1Control90,-27.07329525,15.57097561,0.205049188
9/28/16,90,Heated,2016 9,1,NA,-22.183,14700.92212,1Heated90,-26.79220128,19.32658537,0.19735254
9/28/16,30,Control,2016 9,2,NA,-23.93182765,3311.303994,2Control30,-30.05260898,16.35895833,0.175685816
9/28/16,30,Heated,2016 9,2,NA,-23.0189568,3296.662675,2Heated30,-29.02566085,19.974375,0.180169678
9/28/16,50,Control,2016 9,2,NA,-23.43459625,5042.756674,2Control50,-28.8254626,15.39541667,0.199102003
9/28/16,50,Heated,2016 9,2,NA,-23.03917885,5615.284774,2Heated50,-28.27886022,19.530625,0.200651921
9/28/16,70,Control,2016 9,2,NA,-22.673,8573.775631,2Control70,-27.54853715,NA,NA
9/28/16,70,Heated,2016 9,2,NA,-22.75183531,7957.266971,2Heated70,-27.67974296,NA,NA
9/28/16,90,Control,2016 9,2,NA,-23.103,11209.70048,2Control90,-27.8477643,14.45458333,0.234036799
9/28/16,90,Heated,2016 9,2,NA,-22.352,9609.705273,2Heated90,-27.14800023,18.15791667,0.15174312
9/28/16,30,Control,2016 9,3,NA,-23.96371461,3609.608436,3Control30,-29.91661973,16.89878049,0.192210921
9/28/16,30,Heated,2016 9,3,NA,-22.43407232,3862.934778,3Heated30,-28.09225822,20.80658537,0.197275495
9/28/16,50,Control,2016 9,3,NA,-23.47014296,5275.675486,3Control50,-28.81058042,16.29780488,0.213827224
9/28/16,50,Heated,2016 9,3,NA,-22.26541467,6264.98076,3Heated50,-27.34876554,20.54682927,0.230260729
9/28/16,70,Control,2016 9,3,NA,-22.803,8109.110351,3Control70,-27.72061419,NA,NA
9/28/16,70,Heated,2016 9,3,NA,-21.75,9168.480084,3Heated70,-26.54675276,NA,NA
9/28/16,90,Control,2016 9,3,NA,-22.921,10448.54911,3Control90,-27.69450824,15.57097561,0.205049188
9/28/16,90,Heated,2016 9,3,NA,-21.941,12565.16218,3Heated90,-26.60042786,19.32658537,0.19735254
10/20/16,30,Control,2016 10,1,NA,-24.36884845,8649.110196,1Control30,-29.31454676,11.11065217,0.305129817
10/20/16,30,Heated,2016 10,1,NA,-21.465,9331.677034,1Heated30,-26.24076799,14.82789855,NA
10/20/16,50,Control,2016 10,1,NA,-24.013,10822.95344,1Control50,-28.80630259,11.51217391,0.341341192
10/20/16,50,Heated,2016 10,1,NA,-21.24,12569.79909,1Heated50,-25.87909935,15.57586957,0.355149652
10/20/16,70,Control,2016 10,1,NA,-23.789,12138.34531,1Control70,-28.51753146,NA,NA
10/20/16,70,Heated,2016 10,1,NA,-21.018,15577.30626,1Heated70,-25.58250522,NA,NA
10/20/16,90,Control,2016 10,1,NA,-23.616,12917.95169,1Control90,-28.31154614,12.64282609,0.286712697
10/20/16,90,Heated,2016 10,1,NA,-20.175,20032.038,1Heated90,-24.66325257,16.5773913,0.282672484
10/20/16,30,Control,2016 10,2,NA,-23.88373044,5979.297326,2Control30,-29.11817382,11.30041667,0.288046966
10/20/16,30,Heated,2016 10,2,NA,-23.89165587,6852.275319,2Heated30,-28.99679104,15.14048611,0.307959518
10/20/16,50,Control,2016 10,2,NA,-24.265,8080.689824,2Control50,-29.25543959,11.73875,0.37615782
10/20/16,50,Heated,2016 10,2,NA,-24.242,11238.11577,2Heated50,-29.02298726,15.593125,0.325060169
10/20/16,70,Control,2016 10,2,NA,-24.1565,13610.11627,2Control70,-28.84427225,NA,NA
10/20/16,70,Heated,2016 10,2,NA,-23.925,10499.01749,2Heated70,-28.73178648,NA,NA
10/20/16,90,Control,2016 10,2,NA,-24.197,15223.12986,2Control90,-28.8407542,12.67583333,0.306425929
10/20/16,90,Heated,2016 10,2,NA,-22.947,9496.267572,2Heated90,-27.77321104,16.08125,0.231596866
10/20/16,30,Control,2016 10,3,NA,-25.757,15635.8037,3Control30,-30.42525754,11.11065217,0.305129817
10/20/16,30,Heated,2016 10,3,NA,-23.888,10957.16057,3Heated30,-28.67048389,14.82789855,0.341083431
10/20/16,50,Control,2016 10,3,NA,-25.36,12008.04553,3Control50,-30.14136882,11.51217391,0.341341192
10/20/16,50,Heated,2016 10,3,NA,-24.171,14570.94714,3Heated50,-28.83111747,15.57586957,0.355149652
10/20/16,70,Control,2016 10,3,NA,-24.165,10642.99913,3Control70,-28.97272983,NA,NA
10/20/16,70,Heated,2016 10,3,NA,-24.064,17464.56121,3Heated70,-28.65670317,NA,NA
10/20/16,90,Control,2016 10,3,NA,-24.067,12261.62442,3Control90,-28.79907632,12.64282609,0.286712697
10/20/16,90,Heated,2016 10,3,NA,-23.822,16433.81912,3Heated90,-28.43008092,16.5773913,0.282672484
12/2/16,30,Control,2016 12,1,NA,-24.404,8639.571624,1Control30,-29.35204528,5.443444444,0.32507915
12/2/16,30,Heated,2016 12,1,NA,-23.902,9469.240767,1Heated30,-28.76817698,9.654814815,NA
12/2/16,50,Control,2016 12,1,NA,-25.017,10627.16262,1Control50,-29.85546107,6.730333333,0.349140274
12/2/16,50,Heated,2016 12,1,NA,-23.981,11532.6364,1Heated50,-28.7402594,11.13944444,0.369211534
12/2/16,70,Control,2016 12,1,NA,-24.879,15151.40923,1Control70,-29.54022639,NA,NA
12/2/16,70,Heated,2016 12,1,NA,-23.453,14165.19809,1Heated70,-28.10656527,NA,NA
12/2/16,90,Control,2016 12,1,NA,-24.85,20686.64313,1Control90,-29.40447566,8.849444444,0.288990918
12/2/16,90,Heated,2016 12,1,NA,-23.765,27920.0758,1Heated90,-28.23401787,13.75888889,0.289486378
12/2/16,30,Control,2016 12,2,NA,-24.79557275,5234.660762,2Control30,-30.24998973,6.009058824,0.303334406
12/2/16,30,Heated,2016 12,2,NA,-25.121,8041.640539,2Heated30,-30.15658986,9.330784314,0.328428267
12/2/16,50,Control,2016 12,2,NA,-24.693,8742.525567,2Control50,-29.64544273,7.772764706,0.38545485
12/2/16,50,Heated,2016 12,2,NA,-25.232,17845.43727,2Heated50,-29.83968281,11.05529412,0.339819811
12/2/16,70,Control,2016 12,2,NA,-24.917,15195.59189,2Control70,-29.57793328,NA,NA
12/2/16,70,Heated,2016 12,2,NA,-25.013,23657.65462,2Heated70,-29.53348056,NA,NA
12/2/16,90,Control,2016 12,2,NA,-24.823,24983.08077,2Control90,-29.32774717,9.812941176,0.309738933
12/2/16,90,Heated,2016 12,2,NA,-25.182,22445.78289,2Heated90,-29.71854389,13.26294118,0.234277856
12/2/16,30,Control,2016 12,3,NA,-25.917,17729.19059,3Control30,-30.53990419,5.443444444,0.32507915
12/2/16,30,Heated,2016 12,3,NA,-24.31,14041.57585,3Heated30,-28.98857921,9.654814815,0.360527323
12/2/16,50,Control,2016 12,3,NA,-26.319,21593.22024,3Control50,-30.8829285,6.730333333,0.349140274
12/2/16,50,Heated,2016 12,3,NA,-24.987,22665.51368,3Heated50,-29.51823582,11.13944444,0.369211534
12/2/16,70,Control,2016 12,3,NA,-26.137,24696.03336,3Control70,-30.66057259,NA,NA
12/2/16,70,Heated,2016 12,3,NA,-25.363,32898.42953,3Heated70,-29.81538667,NA,NA
12/2/16,90,Control,2016 12,3,NA,-25.963,30500.38402,3Control90,-30.43536772,8.849444444,0.288990918
12/2/16,90,Heated,2016 12,3,NA,-25.012,36082.24252,3Heated90,-29.44564341,13.75888889,0.289486378
1/16/17,30,Control,2017 1,1,NA,-23.81422822,6277.102369,1Control30,-28.99559349,2.6326875,0.34217959
1/16/17,30,Heated,2017 1,1,NA,-22.25833755,7179.284825,1Heated30,-27.23329654,6.605423611,NA
1/16/17,50,Control,2017 1,1,NA,-24.851,8554.691886,1Control50,-29.82624578,3.2275,0.349003833
1/16/17,50,Heated,2017 1,1,NA,-22.803,9348.712047,1Heated50,-27.63235241,7.129270833,0.372542466
1/16/17,70,Control,2017 1,1,NA,-24.24,10808.43872,1Control70,-29.04183666,NA,NA
1/16/17,70,Heated,2017 1,1,NA,-22.977,10621.26151,1Heated70,-27.74413711,NA,NA
1/16/17,90,Control,2017 1,1,NA,-24.429,12321.14151,1Control90,-29.16946937,4.281833333,0.288614571
1/16/17,90,Heated,2017 1,1,NA,-22.496,19679.77869,1Heated90,-27.02626272,7.970333333,0.291587528
1/16/17,30,Control,2017 1,2,NA,-24.55732874,8704.575311,2Control30,-29.50687743,3.002208333,0.312493468
1/16/17,30,Heated,2017 1,2,NA,-23.41871286,7848.117647,2Heated30,-28.38934548,6.987645833,0.335759259
1/16/17,50,Control,2017 1,2,NA,-24.07085697,11215.53266,2Control50,-28.8472628,3.86125,0.390252676
1/16/17,50,Heated,2017 1,2,NA,-25.171,9804.426792,2Heated50,-30.06505913,7.784833333,0.343342543
1/16/17,70,Control,2017 1,2,NA,-24.873,16029.58856,2Control70,-29.51220596,NA,NA
1/16/17,70,Heated,2017 1,2,NA,-24.884,13239.49585,2Heated70,-29.60338429,NA,NA
1/16/17,90,Control,2017 1,2,NA,-23.11458727,18334.24665,2Control90,-27.67468268,5.027833333,0.310619189
1/16/17,90,Heated,2017 1,2,NA,-24.13,17277.68952,2Heated90,-28.72750806,8.573333333,0.235594984
1/16/17,30,Control,2017 1,3,NA,-23.42810289,3388.167285,3Control30,-29.43539736,2.6326875,0.34217959
1/16/17,30,Heated,2017 1,3,NA,-23.462,6137.138429,3Heated30,-28.64220641,6.605423611,0.368606592
1/16/17,50,Control,2017 1,3,NA,-25.317,5289.482138,3Control50,-30.79894693,3.2275,0.349003833
1/16/17,50,Heated,2017 1,3,NA,-23.895,11397.82343,3Heated50,-28.65740958,7.129270833,0.372542466
1/16/17,70,Control,2017 1,3,NA,-25.212,10295.47271,3Control70,-30.07659065,NA,NA
1/16/17,70,Heated,2017 1,3,NA,-24.409,11770.58955,3Heated70,-29.17145752,NA,NA
1/16/17,90,Control,2017 1,3,NA,-25.301,12750.05809,3Control90,-30.04993899,4.281833333,0.288614571
1/16/17,90,Heated,2017 1,3,NA,-24.085,13603.8904,3Heated90,-28.77109398,7.970333333,0.291587528
3/17/17,90,Heated,2017 3,2,NA,NA,NA,2Heated90,NA,NA,NA
3/17/17,30,Control,2017 3,1,0.775,-22.756,6862.497832,1Control30,-27.79381941,6.5201875,0.331756888
3/17/17,30,Heated,2017 3,1,0.805,-22.91,7751.717637,1Heated30,-27.86400224,12.41041667,NA
3/17/17,50,Control,2017 3,1,NA,-23.116,8640.99149,1Control50,-28.00645568,5.318354167,0.343591889
3/17/17,50,Heated,2017 3,1,NA,-22.2986302,10456.46574,1Heated50,-27.04948716,10.64541667,0.360523484
3/17/17,70,Control,2017 3,1,NA,-23.619,10057.81562,1Control70,-28.4385985,NA,NA
3/17/17,70,Heated,2017 3,1,NA,-23.174,11844.33144,1Heated70,-27.89514641,NA,NA
3/17/17,90,Control,2017 3,1,0.66,-23.921,10996.42491,1Control90,-28.70271938,4.038041667,0.292516701
3/17/17,90,Heated,2017 3,1,0.75,-23.63,17854.18168,1Heated90,-28.20747928,7.844645833,0.298507807
3/17/17,30,Control,2017 3,2,0.73,-23.80924779,4387.59932,2Control30,-29.4195183,6.942166667,0.30609865
3/17/17,30,Heated,2017 3,2,0.85,-23.945,7497.068256,2Heated30,-28.97755624,10.41930556,0.318482717
3/17/17,50,Control,2017 3,2,NA,-23.88232694,6138.61721,2Control50,-29.09004651,5.556708333,0.379467141
3/17/17,50,Heated,2017 3,2,NA,-24.273,13135.80322,2Heated50,-28.97933787,9.94375,0.325202775
3/17/17,70,Control,2017 3,2,NA,-24.768,9938.508196,2Control70,-29.63799344,NA,NA
3/17/17,70,Heated,2017 3,2,NA,-24.546,15745.16498,2Heated70,-29.18484847,NA,NA
3/17/17,90,Control,2017 3,2,0.735,-24.926,11700.31916,2Control90,-29.7077053,4.516333333,0.307041244
3/17/17,30,Control,2017 3,3,0.61,-25,12341.72637,3Control30,-29.7564686,6.5201875,0.331756888
3/17/17,30,Heated,2017 3,3,0.82,-22.658,13146.8963,3Heated30,-27.31988385,12.41041667,0.346326009
3/17/17,50,Control,2017 3,3,NA,-25.35,13522.5893,3Control50,-30.07201851,5.318354167,0.343591889
3/17/17,50,Heated,2017 3,3,NA,-23.03,17185.66737,3Heated50,-27.60764013,10.64541667,0.360523484
3/17/17,70,Control,2017 3,3,NA,-25.36,13617.01337,3Control70,-30.07904725,NA,NA
3/17/17,70,Heated,2017 3,3,NA,-23.85,19977.45275,3Heated70,-28.39847708,NA,NA
3/17/17,90,Control,2017 3,3,0.445,-25.36,16119.42871,3Control90,-30.00747899,4.038041667,0.292516701
3/17/17,90,Heated,2017 3,3,0.465,-24.47,20050.23965,3Heated90,-29.02748921,7.844645833,0.298507807
4/20/17,30,Control,2017 4,1,NA,-23.623,8277.265912,1Control30,-28.5654584,7.420291667,0.345386995
4/20/17,30,Heated,2017 4,1,NA,-23.986,12662.29605,1Heated30,-28.70083225,12.34604167,NA
4/20/17,50,Control,2017 4,1,NA,-23.788,11516.20181,1Control50,-28.54181,6.879208333,0.353959536
4/20/17,50,Heated,2017 4,1,NA,-24.132,15280.91917,1Heated50,-28.77284189,11.91604167,0.375792004
4/20/17,70,Control,2017 4,1,NA,-24.25655606,12816.34104,1Control70,-28.97354966,NA,NA
4/20/17,70,Heated,2017 4,1,NA,-23.931,16927.51004,1Heated70,-28.53135408,NA,NA
4/20/17,90,Control,2017 4,1,NA,-24.096,13843.82195,1Control90,-28.77504027,6.156916667,0.295111583
4/20/17,90,Heated,2017 4,1,NA,-23.674,18872.06885,1Heated90,-28.23569714,9.87625,0.300882077
4/20/17,30,Control,2017 4,2,NA,-24.88732323,5094.404065,2Control30,-30.3845997,6.813755556,0.313647156
4/20/17,30,Heated,2017 4,2,NA,-24.752,8753.156101,2Heated30,-29.70617078,10.49481481,0.337741902
4/20/17,50,Control,2017 4,2,NA,-25.00724265,6817.744072,2Control50,-30.18216589,6.474866667,0.392082286
4/20/17,50,Heated,2017 4,2,NA,-24.871,14070.99447,2Heated50,-29.56281847,10.49755556,0.344463198
4/20/17,70,Control,2017 4,2,NA,-25.007,11741.41094,2Control70,-29.78938479,NA,NA
4/20/17,70,Heated,2017 4,2,NA,-24.852,17128.5524,2Heated70,-29.4666447,NA,NA
4/20/17,90,Control,2017 4,2,NA,-24.759,12295.04759,2Control90,-29.51024926,6.146666667,0.312181833
4/20/17,30,Control,2017 4,3,NA,-25.277,19470.01652,3Control30,-29.85667913,7.420291667,0.345386995
4/20/17,30,Heated,2017 4,3,NA,-23.906,15614.17917,3Heated30,-28.53381874,12.34604167,0.365670211
4/20/17,50,Control,2017 4,3,NA,-25.571,17373.07598,3Control50,-30.1946561,6.879208333,0.353959536
4/20/17,50,Heated,2017 4,3,NA,-24.254,15168.3261,3Heated50,-28.90043262,11.91604167,0.375792004
4/20/17,70,Control,2017 4,3,NA,-26.782,15143.37098,3Control70,-31.48721203,NA,NA
4/20/17,70,Heated,2017 4,3,NA,-25.007,23780.30097,3Heated70,-29.52609504,NA,NA
4/20/17,90,Control,2017 4,3,NA,-25.18216302,17920.17531,3Control90,-29.7874757,6.156916667,0.295111583
4/20/17,90,Heated,2017 4,3,NA,-24.28785151,21109.64711,3Heated90,-28.82805836,9.87625,0.300882077
6/6/17,30,Control,2017 6,1,0.823154679,-22.11162729,6241.186326,1Control30,-27.18827939,14.44,0.266985716
6/6/17,30,Heated,2017 6,1,0.834264432,-21.25532547,7035.327424,1Heated30,-26.18864436,18.21503704,NA
6/6/17,50,Control,2017 6,1,NA,-24.234,8597.106845,1Control50,-29.17790997,13.05088889,0.304435171
6/6/17,50,Heated,2017 6,1,NA,-23.335,10140.66006,1Heated50,-28.13945445,17.07133333,0.317139388
6/6/17,70,Control,2017 6,1,NA,-24.129,10896.33391,1Control70,-28.92263513,NA,NA
6/6/17,70,Heated,2017 6,1,NA,-23.167,12443.96147,1Heated70,-27.86592985,NA,NA
6/6/17,90,Control,2017 6,1,0.857714527,-21.57022957,12691.08731,1Control90,-26.21526055,10.84511111,0.278552303
6/6/17,90,Heated,2017 6,1,0.876891747,-23.192,18370.37893,1Heated90,-27.75293089,14.50977778,0.275612672
6/6/17,30,Control,2017 6,2,0.832694173,-22.30165027,4540.738544,2Control30,-27.72200542,12.5175,0.226609105
6/6/17,30,Heated,2017 6,2,0.817570571,-23.68290973,4185.104068,2Heated30,-29.3517034,15.93381944,0.240761063
6/6/17,50,Control,2017 6,2,NA,-21.47758766,6046.300549,2Control50,-26.53904593,11.296875,0.282277694
6/6/17,50,Heated,2017 6,2,NA,-24.119,10599.68361,2Heated50,-28.92737444,15.376875,0.266178031
6/6/17,70,Control,2017 6,2,NA,-23.998,9859.182837,2Control70,-28.84351221,NA,NA
6/6/17,70,Heated,2017 6,2,NA,-24.009,13553.14324,2Heated70,-28.69467999,NA,NA
6/6/17,90,Control,2017 6,2,0.851546335,-24.464,13573.67329,2Control90,-29.16099176,9.693541667,0.283420593
6/6/17,90,Heated,2017 6,2,0.876764041,NA,NA,2Heated90,NA,13.380833,0.1990134
6/6/17,30,Control,2017 6,3,0.918448871,-23.974,9076.428256,3Control30,-28.86994771,14.44,0.266985716
6/6/17,30,Heated,2017 6,3,0.86739407,-23.061,7378.578651,3Heated30,-28.05912635,18.21503704,0.260846439
6/6/17,50,Control,2017 6,3,NA,-23.563,13048.85825,3Control50,-28.25275591,13.05088889,0.304435171
6/6/17,50,Heated,2017 6,3,NA,-23.044,11216.79222,3Heated50,-27.78651523,17.07133333,0.317139388
6/6/17,70,Control,2017 6,3,NA,-23.703,16830.5921,3Control70,-28.30066541,NA,NA
6/6/17,70,Heated,2017 6,3,NA,-23.027,15742.70077,3Heated70,-27.63259223,NA,NA
6/6/17,90,Control,2017 6,3,0.931560319,-23.885,17254.84222,3Control90,-28.47815051,10.84511111,0.278552303
6/6/17,90,Heated,2017 6,3,0.921834198,-23.086,19467.69877,3Heated90,-27.62892914,14.50977778,0.275612672